"","IZ","Year","employment","crime","housing","access","House_Price","Respiratory.Prim","Expected"
"1","S02001842",2011,14.5,256.7503098,0.196119264,11.28800304,116000,91,75.9079513935343
"2","S02001842",2012,14.5,256.7503098,0.196119264,11.28800304,99500,96,78.2176286092353
"3","S02001842",2013,14.5,256.7503098,0.196119264,11.28800304,100500,111,79.4215578140837
"4","S02001842",2014,14.5,256.7503098,0.196119264,11.28800304,82000,113,79.6995370641151
"5","S02001842",2015,14.5,256.7503098,0.196119264,11.28800304,124995,92,80.7951724367037
"6","S02001842",2016,14.5,256.7503098,0.196119264,11.28800304,106000,128,80.4323960707723
"7","S02001842",2017,14.5,256.7503098,0.196119264,11.28800304,133150,112,82.6832406439853
"8","S02001843",2011,19,344.1183721,0.196748043,17.75509995,149995,61,45.4392049650327
"9","S02001843",2012,19,344.1183721,0.196748043,17.75509995,145500,72,45.3834974421579
"10","S02001843",2013,19,344.1183721,0.196748043,17.75509995,137000,81,45.9009410899043
"11","S02001843",2014,19,344.1183721,0.196748043,17.75509995,117000,75,46.5954148248475
"12","S02001843",2015,19,344.1183721,0.196748043,17.75509995,195995,71,46.8027479157276
"13","S02001843",2016,19,344.1183721,0.196748043,17.75509995,209995,84,49.5434127238492
"14","S02001843",2017,19,344.1183721,0.196748043,17.75509995,199995,96,52.8513266273135
"15","S02001844",2011,7,200.0916543,0.150340639,24.93347119,149995,77,69.8816447138395
"16","S02001844",2012,7,200.0916543,0.150340639,24.93347119,145500,95,72.4407360105696
"17","S02001844",2013,7,200.0916543,0.150340639,24.93347119,137000,108,75.1174866457715
"18","S02001844",2014,7,200.0916543,0.150340639,24.93347119,140000,88,78.5505317957859
"19","S02001844",2015,7,200.0916543,0.150340639,24.93347119,144500,99,82.48783078022
"20","S02001844",2016,7,200.0916543,0.150340639,24.93347119,166750,106,83.1864991040157
"21","S02001844",2017,7,200.0916543,0.150340639,24.93347119,180000,119,85.2525370761208
"22","S02001845",2011,26,813.9507053,0.261568695,11.56357608,70250,154,97.4445333503885
"23","S02001845",2012,26,813.9507053,0.261568695,11.56357608,47550,185,96.6538631300827
"24","S02001845",2013,26,813.9507053,0.261568695,11.56357608,61500,172,95.4013729875185
"25","S02001845",2014,26,813.9507053,0.261568695,11.56357608,56875,176,98.0146073276446
"26","S02001845",2015,26,813.9507053,0.261568695,11.56357608,68000,232,98.674086419946
"27","S02001845",2016,26,813.9507053,0.261568695,11.56357608,77500,253,98.7670814222045
"28","S02001845",2017,26,813.9507053,0.261568695,11.56357608,162995,216,99.9465991845601
"29","S02001846",2011,27.75,455.2958077,0.238521038,8.134499533,69000,105,53.9047175997467
"30","S02001846",2012,27.75,455.2958077,0.238521038,8.134499533,62000,112,53.6254822809808
"31","S02001846",2013,27.75,455.2958077,0.238521038,8.134499533,52000,114,53.5210179307299
"32","S02001846",2014,27.75,455.2958077,0.238521038,8.134499533,71000,104,56.1194018113776
"33","S02001846",2015,27.75,455.2958077,0.238521038,8.134499533,62250,99,55.61333903837
"34","S02001846",2016,27.75,455.2958077,0.238521038,8.134499533,77250,135,55.9294600985446
"35","S02001846",2017,27.75,455.2958077,0.238521038,8.134499533,82000,128,55.6641156085008
"36","S02001847",2011,19.25,394.6210859,0.202920145,6.047588267,79500,85,56.4701043442084
"37","S02001847",2012,19.25,394.6210859,0.202920145,6.047588267,78000,85,56.6185959364686
"38","S02001847",2013,19.25,394.6210859,0.202920145,6.047588267,80250,75,56.7157141870246
"39","S02001847",2014,19.25,394.6210859,0.202920145,6.047588267,82000,112,58.1267298448483
"40","S02001847",2015,19.25,394.6210859,0.202920145,6.047588267,91056,105,56.8172489494986
"41","S02001847",2016,19.25,394.6210859,0.202920145,6.047588267,92000,95,56.7381300003742
"42","S02001847",2017,19.25,394.6210859,0.202920145,6.047588267,106366,83,56.3554897978428
"43","S02001848",2011,4.428571429,115.012489,0.078198822,18.83816466,147000,87,80.5573468548066
"44","S02001848",2012,4.428571429,115.012489,0.078198822,18.83816466,131000,81,82.5095677959584
"45","S02001848",2013,4.428571429,115.012489,0.078198822,18.83816466,133750,74,84.3339077357562
"46","S02001848",2014,4.428571429,115.012489,0.078198822,18.83816466,160000,95,84.3706691299713
"47","S02001848",2015,4.428571429,115.012489,0.078198822,18.83816466,185000,89,86.039370796095
"48","S02001848",2016,4.428571429,115.012489,0.078198822,18.83816466,230000,91,89.8189102098581
"49","S02001848",2017,4.428571429,115.012489,0.078198822,18.83816466,240000,76,92.9931422492696
"50","S02001849",2011,22.71428571,463.4568908,0.196805941,14.10017007,91500,175,95.5159807099622
"51","S02001849",2012,22.71428571,463.4568908,0.196805941,14.10017007,85000,161,96.0851937347873
"52","S02001849",2013,22.71428571,463.4568908,0.196805941,14.10017007,75000,173,97.0516766241105
"53","S02001849",2014,22.71428571,463.4568908,0.196805941,14.10017007,99610,191,95.4653241472102
"54","S02001849",2015,22.71428571,463.4568908,0.196805941,14.10017007,91000,173,96.0435630304886
"55","S02001849",2016,22.71428571,463.4568908,0.196805941,14.10017007,106250,185,95.5953559642548
"56","S02001849",2017,22.71428571,463.4568908,0.196805941,14.10017007,115000,188,96.6884612651597
"57","S02001850",2011,14,449.55132,0.232841696,5.460438891,83000,67,65.8183637881798
"58","S02001850",2012,14,449.55132,0.232841696,5.460438891,74995,74,65.7211160837139
"59","S02001850",2013,14,449.55132,0.232841696,5.460438891,74250,92,62.81675848002
"60","S02001850",2014,14,449.55132,0.232841696,5.460438891,73125,80,59.8253100038711
"61","S02001850",2015,14,449.55132,0.232841696,5.460438891,70000,81,59.6138374307028
"62","S02001850",2016,14,449.55132,0.232841696,5.460438891,80000,98,62.1621525134594
"63","S02001850",2017,14,449.55132,0.232841696,5.460438891,80000,110,62.4543461731771
"64","S02001851",2011,21.2,356.4250114,0.220525022,4.938037278,82500,93,81.4860612865088
"65","S02001851",2012,21.2,356.4250114,0.220525022,4.938037278,71000,97,81.4083534420745
"66","S02001851",2013,21.2,356.4250114,0.220525022,4.938037278,79248,103,78.966641050357
"67","S02001851",2014,21.2,356.4250114,0.220525022,4.938037278,81250,111,80.9392186190985
"68","S02001851",2015,21.2,356.4250114,0.220525022,4.938037278,80500,132,79.8042188200748
"69","S02001851",2016,21.2,356.4250114,0.220525022,4.938037278,76000,136,78.4493977060873
"70","S02001851",2017,21.2,356.4250114,0.220525022,4.938037278,91146,119,77.8436019443282
"71","S02001852",2011,12.57142857,314.6431481,0.153428119,3.040747398,94500,113,101.994070289104
"72","S02001852",2012,12.57142857,314.6431481,0.153428119,3.040747398,85000,100,101.683999971911
"73","S02001852",2013,12.57142857,314.6431481,0.153428119,3.040747398,75500,135,101.53236761488
"74","S02001852",2014,12.57142857,314.6431481,0.153428119,3.040747398,94498,119,101.919968067616
"75","S02001852",2015,12.57142857,314.6431481,0.153428119,3.040747398,88000,116,101.180356995534
"76","S02001852",2016,12.57142857,314.6431481,0.153428119,3.040747398,94500,150,101.263443589939
"77","S02001852",2017,12.57142857,314.6431481,0.153428119,3.040747398,93500,140,102.104274951421
"78","S02001853",2011,19.28571429,233.1053106,0.204483247,16.78588028,80000,150,96.0046369274666
"79","S02001853",2012,19.28571429,233.1053106,0.204483247,16.78588028,75000,144,94.7251210364199
"80","S02001853",2013,19.28571429,233.1053106,0.204483247,16.78588028,70000,159,94.7827138206419
"81","S02001853",2014,19.28571429,233.1053106,0.204483247,16.78588028,77000,146,95.9652839309785
"82","S02001853",2015,19.28571429,233.1053106,0.204483247,16.78588028,74000,187,95.9097415850076
"83","S02001853",2016,19.28571429,233.1053106,0.204483247,16.78588028,81025,197,95.549044093964
"84","S02001853",2017,19.28571429,233.1053106,0.204483247,16.78588028,85100,191,95.1798941999341
"85","S02001854",2011,13.5,290.3492821,0.163737192,3.92751031,74500,77,60.2244577942867
"86","S02001854",2012,13.5,290.3492821,0.163737192,3.92751031,69250,65,59.5361339465753
"87","S02001854",2013,13.5,290.3492821,0.163737192,3.92751031,70000,77,60.0106415361005
"88","S02001854",2014,13.5,290.3492821,0.163737192,3.92751031,70000,73,58.5011565461615
"89","S02001854",2015,13.5,290.3492821,0.163737192,3.92751031,69998,83,58.8860626765315
"90","S02001854",2016,13.5,290.3492821,0.163737192,3.92751031,74500,76,58.7391346017759
"91","S02001854",2017,13.5,290.3492821,0.163737192,3.92751031,78000,90,57.6339419033272
"92","S02001855",2011,20.875,554.5273573,0.211550911,8.405577921,80000,186,110.023367982787
"93","S02001855",2012,20.875,554.5273573,0.211550911,8.405577921,71500,192,109.567890000393
"94","S02001855",2013,20.875,554.5273573,0.211550911,8.405577921,77250,198,110.737005763018
"95","S02001855",2014,20.875,554.5273573,0.211550911,8.405577921,79000,218,108.931004276611
"96","S02001855",2015,20.875,554.5273573,0.211550911,8.405577921,75000,181,109.033672266332
"97","S02001855",2016,20.875,554.5273573,0.211550911,8.405577921,85000,225,108.994523959936
"98","S02001855",2017,20.875,554.5273573,0.211550911,8.405577921,95000,203,106.665878859019
"99","S02001856",2011,28.28571429,1061.017205,0.313886143,2.101143545,93000,114,73.9094866919663
"100","S02001856",2012,28.28571429,1061.017205,0.313886143,2.101143545,84000,139,78.8304507213099
"101","S02001856",2013,28.28571429,1061.017205,0.313886143,2.101143545,73500,175,83.4654929820664
"102","S02001856",2014,28.28571429,1061.017205,0.313886143,2.101143545,68000,162,86.2221999405543
"103","S02001856",2015,28.28571429,1061.017205,0.313886143,2.101143545,79625,131,86.8666743421945
"104","S02001856",2016,28.28571429,1061.017205,0.313886143,2.101143545,78000,147,87.8120308081113
"105","S02001856",2017,28.28571429,1061.017205,0.313886143,2.101143545,92500,169,87.327359417183
"106","S02001857",2011,21.75,333.7168362,0.216935135,4.722206359,73750,85,67.236321101501
"107","S02001857",2012,21.75,333.7168362,0.216935135,4.722206359,80000,128,66.1668247823313
"108","S02001857",2013,21.75,333.7168362,0.216935135,4.722206359,66000,133,65.2629506843023
"109","S02001857",2014,21.75,333.7168362,0.216935135,4.722206359,75100,127,64.7437804424028
"110","S02001857",2015,21.75,333.7168362,0.216935135,4.722206359,70000,138,65.2411499541802
"111","S02001857",2016,21.75,333.7168362,0.216935135,4.722206359,77500,132,66.6066895915013
"112","S02001857",2017,21.75,333.7168362,0.216935135,4.722206359,80000,142,65.6710966250297
"113","S02001858",2011,13.85714286,308.1921188,0.179611233,19.79398941,114000,139,100.751984901209
"114","S02001858",2012,13.85714286,308.1921188,0.179611233,19.79398941,96250,112,98.4910759167496
"115","S02001858",2013,13.85714286,308.1921188,0.179611233,19.79398941,111000,134,94.7146190444347
"116","S02001858",2014,13.85714286,308.1921188,0.179611233,19.79398941,119000,123,91.9914452112343
"117","S02001858",2015,13.85714286,308.1921188,0.179611233,19.79398941,105500,149,90.794546581881
"118","S02001858",2016,13.85714286,308.1921188,0.179611233,19.79398941,137000,137,90.0708807546766
"119","S02001858",2017,13.85714286,308.1921188,0.179611233,19.79398941,119000,131,90.6512468343806
"120","S02001859",2011,29.33333333,893.3457938,0.31974455,10.22246611,80000,81,53.4133346598
"121","S02001859",2012,29.33333333,893.3457938,0.31974455,10.22246611,58000,81,54.4527917846785
"122","S02001859",2013,29.33333333,893.3457938,0.31974455,10.22246611,78750,113,55.4487347234458
"123","S02001859",2014,29.33333333,893.3457938,0.31974455,10.22246611,67000,118,56.9161198784829
"124","S02001859",2015,29.33333333,893.3457938,0.31974455,10.22246611,81575,119,57.2987742157362
"125","S02001859",2016,29.33333333,893.3457938,0.31974455,10.22246611,85000,123,58.6905053333123
"126","S02001859",2017,29.33333333,893.3457938,0.31974455,10.22246611,102500,129,59.0864139769797
"127","S02001860",2011,20.75,706.5865602,0.32858536,1.853447034,65000,66,42.7298350671105
"128","S02001860",2012,20.75,706.5865602,0.32858536,1.853447034,57500,69,44.1941533003668
"129","S02001860",2013,20.75,706.5865602,0.32858536,1.853447034,65000,57,45.4675362271191
"130","S02001860",2014,20.75,706.5865602,0.32858536,1.853447034,65000,98,48.3145431907631
"131","S02001860",2015,20.75,706.5865602,0.32858536,1.853447034,62465,96,48.9029410827098
"132","S02001860",2016,20.75,706.5865602,0.32858536,1.853447034,61000,106,48.4441466614295
"133","S02001860",2017,20.75,706.5865602,0.32858536,1.853447034,78000,89,48.0423091573827
"134","S02001861",2011,11.2,556.5854238,0.318259239,4.96956194,102500,83,55.2713501250442
"135","S02001861",2012,11.2,556.5854238,0.318259239,4.96956194,80000,71,56.3505789054612
"136","S02001861",2013,11.2,556.5854238,0.318259239,4.96956194,75000,78,56.2955188527996
"137","S02001861",2014,11.2,556.5854238,0.318259239,4.96956194,80000,82,56.6132396442857
"138","S02001861",2015,11.2,556.5854238,0.318259239,4.96956194,95000,82,56.7749050673531
"139","S02001861",2016,11.2,556.5854238,0.318259239,4.96956194,100000,93,58.1285567020031
"140","S02001861",2017,11.2,556.5854238,0.318259239,4.96956194,102000,77,59.4133172720724
"141","S02001862",2011,17.5,515.5992931,0.265766842,15.69636024,103000,84,66.3679065861606
"142","S02001862",2012,17.5,515.5992931,0.265766842,15.69636024,74000,67,66.1947587014189
"143","S02001862",2013,17.5,515.5992931,0.265766842,15.69636024,82500,65,65.7404638729977
"144","S02001862",2014,17.5,515.5992931,0.265766842,15.69636024,75000,88,65.0327415722055
"145","S02001862",2015,17.5,515.5992931,0.265766842,15.69636024,93000,100,65.4081316435097
"146","S02001862",2016,17.5,515.5992931,0.265766842,15.69636024,93000,90,64.411146204658
"147","S02001862",2017,17.5,515.5992931,0.265766842,15.69636024,115000,63,64.7130302385663
"148","S02001863",2011,11.16666667,347.733337,0.27106791,9.563794128,167475,68,74.68126041513
"149","S02001863",2012,11.16666667,347.733337,0.27106791,9.563794128,195000,70,76.8821400497614
"150","S02001863",2013,11.16666667,347.733337,0.27106791,9.563794128,145000,86,76.9108318845501
"151","S02001863",2014,11.16666667,347.733337,0.27106791,9.563794128,151250,95,76.3681744178863
"152","S02001863",2015,11.16666667,347.733337,0.27106791,9.563794128,170608,75,76.0076542477407
"153","S02001863",2016,11.16666667,347.733337,0.27106791,9.563794128,175000,88,77.1381481419984
"154","S02001863",2017,11.16666667,347.733337,0.27106791,9.563794128,185591,89,75.187211976553
"155","S02001864",2011,9.833333333,339.5865402,0.45582522,1.080029665,124000,80,67.8601203344703
"156","S02001864",2012,9.833333333,339.5865402,0.45582522,1.080029665,117500,77,68.4746603059831
"157","S02001864",2013,9.833333333,339.5865402,0.45582522,1.080029665,125000,73,68.4697627396693
"158","S02001864",2014,9.833333333,339.5865402,0.45582522,1.080029665,125000,92,68.3343530072257
"159","S02001864",2015,9.833333333,339.5865402,0.45582522,1.080029665,130000,111,70.3086219531474
"160","S02001864",2016,9.833333333,339.5865402,0.45582522,1.080029665,129250,67,70.9093676577467
"161","S02001864",2017,9.833333333,339.5865402,0.45582522,1.080029665,135000,104,69.7089905150989
"162","S02001865",2011,20.71428571,1002.514612,0.468176473,0.896667184,75000,96,78.5377482978677
"163","S02001865",2012,20.71428571,1002.514612,0.468176473,0.896667184,59000,113,78.7693983387526
"164","S02001865",2013,20.71428571,1002.514612,0.468176473,0.896667184,54500,130,81.6288733610851
"165","S02001865",2014,20.71428571,1002.514612,0.468176473,0.896667184,58750,121,79.2453176327701
"166","S02001865",2015,20.71428571,1002.514612,0.468176473,0.896667184,62500,105,84.1165012959387
"167","S02001865",2016,20.71428571,1002.514612,0.468176473,0.896667184,66750,100,88.0724332342654
"168","S02001865",2017,20.71428571,1002.514612,0.468176473,0.896667184,70000,125,89.1624780766233
"169","S02001866",2011,24,616.9113238,0.352208596,3.343304814,66500,103,66.7335874106156
"170","S02001866",2012,24,616.9113238,0.352208596,3.343304814,71000,111,68.8014599208023
"171","S02001866",2013,24,616.9113238,0.352208596,3.343304814,72000,89,68.3263750480459
"172","S02001866",2014,24,616.9113238,0.352208596,3.343304814,65750,82,70.1578860650381
"173","S02001866",2015,24,616.9113238,0.352208596,3.343304814,71000,131,72.679652501521
"174","S02001866",2016,24,616.9113238,0.352208596,3.343304814,71000,127,74.127599389458
"175","S02001866",2017,24,616.9113238,0.352208596,3.343304814,75000,120,76.3995428955441
"176","S02001867",2011,10.66666667,424.4354369,0.215031418,5.588020249,119047,65,77.2726107378245
"177","S02001867",2012,10.66666667,424.4354369,0.215031418,5.588020249,115000,70,77.8425176525539
"178","S02001867",2013,10.66666667,424.4354369,0.215031418,5.588020249,109000,87,76.3386458478389
"179","S02001867",2014,10.66666667,424.4354369,0.215031418,5.588020249,115063,73,77.3972604877274
"180","S02001867",2015,10.66666667,424.4354369,0.215031418,5.588020249,123000,78,77.8687268533071
"181","S02001867",2016,10.66666667,424.4354369,0.215031418,5.588020249,127223,72,76.6244490254203
"182","S02001867",2017,10.66666667,424.4354369,0.215031418,5.588020249,145000,107,75.8115409478647
"183","S02001868",2011,11.71428571,727.584285,0.344810234,3.97477066,112000,77,77.8193772458888
"184","S02001868",2012,11.71428571,727.584285,0.344810234,3.97477066,117000,69,80.242229454437
"185","S02001868",2013,11.71428571,727.584285,0.344810234,3.97477066,125000,84,80.8646655383074
"186","S02001868",2014,11.71428571,727.584285,0.344810234,3.97477066,130100,105,82.5285032415406
"187","S02001868",2015,11.71428571,727.584285,0.344810234,3.97477066,127117,76,82.0143617190457
"188","S02001868",2016,11.71428571,727.584285,0.344810234,3.97477066,130000,82,82.1264516916571
"189","S02001868",2017,11.71428571,727.584285,0.344810234,3.97477066,128750,80,80.4477169372242
"190","S02001869",2011,4.428571429,286.608308,0.11573892,15.79569068,222500,101,103.380796070293
"191","S02001869",2012,4.428571429,286.608308,0.11573892,15.79569068,226000,102,106.389362275329
"192","S02001869",2013,4.428571429,286.608308,0.11573892,15.79569068,225550,119,108.172691434715
"193","S02001869",2014,4.428571429,286.608308,0.11573892,15.79569068,255000,101,105.067542810026
"194","S02001869",2015,4.428571429,286.608308,0.11573892,15.79569068,256056,119,104.245856798113
"195","S02001869",2016,4.428571429,286.608308,0.11573892,15.79569068,269300,94,105.858703292542
"196","S02001869",2017,4.428571429,286.608308,0.11573892,15.79569068,280000,122,106.692631600512
"197","S02001870",2011,7.5,427.1994414,0.211033862,0.296497923,113100,52,50.2036617382707
"198","S02001870",2012,7.5,427.1994414,0.211033862,0.296497923,115000,37,50.2148434415375
"199","S02001870",2013,7.5,427.1994414,0.211033862,0.296497923,110000,42,51.1751550577322
"200","S02001870",2014,7.5,427.1994414,0.211033862,0.296497923,120000,40,50.9725498095013
"201","S02001870",2015,7.5,427.1994414,0.211033862,0.296497923,129578,37,50.4802125671159
"202","S02001870",2016,7.5,427.1994414,0.211033862,0.296497923,128128,58,51.1538626696071
"203","S02001870",2017,7.5,427.1994414,0.211033862,0.296497923,144125,48,50.3535509891673
"204","S02001871",2011,8.75,330.7826784,0.325168332,1.693199346,112500,26,44.849228757224
"205","S02001871",2012,8.75,330.7826784,0.325168332,1.693199346,106500,41,46.3235738388863
"206","S02001871",2013,8.75,330.7826784,0.325168332,1.693199346,100000,46,46.3417914934942
"207","S02001871",2014,8.75,330.7826784,0.325168332,1.693199346,105105,29,45.6295964161962
"208","S02001871",2015,8.75,330.7826784,0.325168332,1.693199346,110250,42,46.2767510922703
"209","S02001871",2016,8.75,330.7826784,0.325168332,1.693199346,115600,40,47.6767752722838
"210","S02001871",2017,8.75,330.7826784,0.325168332,1.693199346,125913,22,48.1168694381257
"211","S02001872",2011,6,207.0849421,0.167465976,10.01121965,117000,45,62.0792754831325
"212","S02001872",2012,6,207.0849421,0.167465976,10.01121965,117500,52,62.5254748501068
"213","S02001872",2013,6,207.0849421,0.167465976,10.01121965,128500,59,64.7023538050034
"214","S02001872",2014,6,207.0849421,0.167465976,10.01121965,125000,63,64.429482291054
"215","S02001872",2015,6,207.0849421,0.167465976,10.01121965,138000,70,66.011511491103
"216","S02001872",2016,6,207.0849421,0.167465976,10.01121965,140000,47,67.0669299327427
"217","S02001872",2017,6,207.0849421,0.167465976,10.01121965,157175,38,67.1912688019975
"218","S02001873",2011,20,463.5323527,0.299492411,6.47816229,93050,117,82.2604348370419
"219","S02001873",2012,20,463.5323527,0.299492411,6.47816229,98000,92,82.0104535837524
"220","S02001873",2013,20,463.5323527,0.299492411,6.47816229,78250,96,80.7792731915173
"221","S02001873",2014,20,463.5323527,0.299492411,6.47816229,89000,97,79.7562635147707
"222","S02001873",2015,20,463.5323527,0.299492411,6.47816229,90500,136,78.8165450487245
"223","S02001873",2016,20,463.5323527,0.299492411,6.47816229,97000,115,77.5488712467201
"224","S02001873",2017,20,463.5323527,0.299492411,6.47816229,100000,110,78.6623977914203
"225","S02001874",2011,28,777.9855673,0.284548293,9.113660986,81600,112,71.4868314006113
"226","S02001874",2012,28,777.9855673,0.284548293,9.113660986,80000,107,72.671452910087
"227","S02001874",2013,28,777.9855673,0.284548293,9.113660986,74500,124,69.0614203227885
"228","S02001874",2014,28,777.9855673,0.284548293,9.113660986,75000,100,66.6351516249635
"229","S02001874",2015,28,777.9855673,0.284548293,9.113660986,68000,88,65.8638343819544
"230","S02001874",2016,28,777.9855673,0.284548293,9.113660986,67200,113,67.2327567549606
"231","S02001874",2017,28,777.9855673,0.284548293,9.113660986,107000,97,67.7431193065448
"232","S02001875",2011,16.25,238.4043265,0.211471094,15.91123598,77250,79,55.8910722117353
"233","S02001875",2012,16.25,238.4043265,0.211471094,15.91123598,71250,75,55.151909915038
"234","S02001875",2013,16.25,238.4043265,0.211471094,15.91123598,66000,69,54.1592075834472
"235","S02001875",2014,16.25,238.4043265,0.211471094,15.91123598,73250,60,55.1602319982697
"236","S02001875",2015,16.25,238.4043265,0.211471094,15.91123598,75250,63,54.5851503123067
"237","S02001875",2016,16.25,238.4043265,0.211471094,15.91123598,74500,58,54.644606004083
"238","S02001875",2017,16.25,238.4043265,0.211471094,15.91123598,95000,67,54.6715794579192
"239","S02001876",2011,9.142857143,272.1076991,0.116722763,11.82382454,175250,88,93.6124646214874
"240","S02001876",2012,9.142857143,272.1076991,0.116722763,11.82382454,210000,69,94.1486177504662
"241","S02001876",2013,9.142857143,272.1076991,0.116722763,11.82382454,225000,81,95.891762123826
"242","S02001876",2014,9.142857143,272.1076991,0.116722763,11.82382454,247500,69,97.1260158218045
"243","S02001876",2015,9.142857143,272.1076991,0.116722763,11.82382454,235000,93,97.310733000438
"244","S02001876",2016,9.142857143,272.1076991,0.116722763,11.82382454,245000,102,97.4798267231964
"245","S02001876",2017,9.142857143,272.1076991,0.116722763,11.82382454,220000,85,97.3905845609296
"246","S02001877",2011,7.75,304.3859343,0.122311775,15.57191379,157563,49,65.0991395676939
"247","S02001877",2012,7.75,304.3859343,0.122311775,15.57191379,178000,55,64.4385765569344
"248","S02001877",2013,7.75,304.3859343,0.122311775,15.57191379,165000,66,64.3238992211698
"249","S02001877",2014,7.75,304.3859343,0.122311775,15.57191379,158123,73,63.8053276319894
"250","S02001877",2015,7.75,304.3859343,0.122311775,15.57191379,182000,58,63.8601052631105
"251","S02001877",2016,7.75,304.3859343,0.122311775,15.57191379,185324,49,61.8893922305808
"252","S02001877",2017,7.75,304.3859343,0.122311775,15.57191379,182000,58,62.7865887541975
"253","S02001878",2011,6.5,120.4662701,0.117625024,10.42671007,150000,74,92.167702849578
"254","S02001878",2012,6.5,120.4662701,0.117625024,10.42671007,129500,82,91.4439435498963
"255","S02001878",2013,6.5,120.4662701,0.117625024,10.42671007,135000,82,90.6212482869377
"256","S02001878",2014,6.5,120.4662701,0.117625024,10.42671007,151125,86,92.120943892821
"257","S02001878",2015,6.5,120.4662701,0.117625024,10.42671007,146232,88,90.5320541966774
"258","S02001878",2016,6.5,120.4662701,0.117625024,10.42671007,160000,60,90.3511397652011
"259","S02001878",2017,6.5,120.4662701,0.117625024,10.42671007,166073,59,89.8512102593221
"260","S02001879",2011,6.5,156.678408,0.13275524,9.117257867,145000,52,52.8829241689893
"261","S02001879",2012,6.5,156.678408,0.13275524,9.117257867,140000,69,53.9398485372313
"262","S02001879",2013,6.5,156.678408,0.13275524,9.117257867,137562,45,54.2684548634722
"263","S02001879",2014,6.5,156.678408,0.13275524,9.117257867,157000,43,54.3000778938958
"264","S02001879",2015,6.5,156.678408,0.13275524,9.117257867,160000,54,52.616666139431
"265","S02001879",2016,6.5,156.678408,0.13275524,9.117257867,167500,60,52.5736327307008
"266","S02001879",2017,6.5,156.678408,0.13275524,9.117257867,187000,32,53.2957117724296
"267","S02001880",2011,18,445.983997,0.145714127,22.00525741,221500,79,66.7016284633982
"268","S02001880",2012,18,445.983997,0.145714127,22.00525741,101000,82,66.1003250379632
"269","S02001880",2013,18,445.983997,0.145714127,22.00525741,135000,82,67.5204385530112
"270","S02001880",2014,18,445.983997,0.145714127,22.00525741,158500,83,67.332238727175
"271","S02001880",2015,18,445.983997,0.145714127,22.00525741,187000,87,67.4480722911565
"272","S02001880",2016,18,445.983997,0.145714127,22.00525741,167000,94,66.7365641532775
"273","S02001880",2017,18,445.983997,0.145714127,22.00525741,152750,79,68.2178377746581
"274","S02001881",2011,30.71428571,516.3545195,0.218555772,11.59888679,66000,157,83.4135991971941
"275","S02001881",2012,30.71428571,516.3545195,0.218555772,11.59888679,63750,193,85.2948281743256
"276","S02001881",2013,30.71428571,516.3545195,0.218555772,11.59888679,68000,158,86.914851530814
"277","S02001881",2014,30.71428571,516.3545195,0.218555772,11.59888679,68000,176,85.2839395190516
"278","S02001881",2015,30.71428571,516.3545195,0.218555772,11.59888679,82500,201,85.2977720012191
"279","S02001881",2016,30.71428571,516.3545195,0.218555772,11.59888679,60600,156,86.2385123500236
"280","S02001881",2017,30.71428571,516.3545195,0.218555772,11.59888679,75250,147,86.0949768414297
"281","S02001882",2011,26.33333333,704.4579479,0.236069885,16.59091213,81250,117,62.3538205881422
"282","S02001882",2012,26.33333333,704.4579479,0.236069885,16.59091213,67000,129,63.3018836609843
"283","S02001882",2013,26.33333333,704.4579479,0.236069885,16.59091213,65000,99,63.187416116605
"284","S02001882",2014,26.33333333,704.4579479,0.236069885,16.59091213,67000,104,65.5196906451592
"285","S02001882",2015,26.33333333,704.4579479,0.236069885,16.59091213,70022,117,65.8428227957299
"286","S02001882",2016,26.33333333,704.4579479,0.236069885,16.59091213,83500,113,66.143072243869
"287","S02001882",2017,26.33333333,704.4579479,0.236069885,16.59091213,79000,138,65.9666965394241
"288","S02001883",2011,21.71428571,272.1319366,0.197174501,3.828569697,75500,131,85.0430199069333
"289","S02001883",2012,21.71428571,272.1319366,0.197174501,3.828569697,65000,121,83.8440629218456
"290","S02001883",2013,21.71428571,272.1319366,0.197174501,3.828569697,61000,152,82.4188970875368
"291","S02001883",2014,21.71428571,272.1319366,0.197174501,3.828569697,62500,125,82.4039973739836
"292","S02001883",2015,21.71428571,272.1319366,0.197174501,3.828569697,69748,98,84.2441047460058
"293","S02001883",2016,21.71428571,272.1319366,0.197174501,3.828569697,68000,107,83.1158463646077
"294","S02001883",2017,21.71428571,272.1319366,0.197174501,3.828569697,80050,119,80.5979260761094
"295","S02001884",2011,9.5,249.2474259,0.165312612,11.4898574,77500,46,64.2793050508787
"296","S02001884",2012,9.5,249.2474259,0.165312612,11.4898574,72000,53,65.0200248161723
"297","S02001884",2013,9.5,249.2474259,0.165312612,11.4898574,69250,68,64.4477700695347
"298","S02001884",2014,9.5,249.2474259,0.165312612,11.4898574,75000,68,64.8004740527172
"299","S02001884",2015,9.5,249.2474259,0.165312612,11.4898574,72250,48,64.866507457767
"300","S02001884",2016,9.5,249.2474259,0.165312612,11.4898574,77750,57,65.392802379785
"301","S02001884",2017,9.5,249.2474259,0.165312612,11.4898574,80000,60,67.0283073332962
"302","S02001885",2011,7.5,316.4029167,0.133348586,8.733150336,90000,63,70.1972929561132
"303","S02001885",2012,7.5,316.4029167,0.133348586,8.733150336,90000,63,70.5640520438505
"304","S02001885",2013,7.5,316.4029167,0.133348586,8.733150336,78000,65,70.8507914968068
"305","S02001885",2014,7.5,316.4029167,0.133348586,8.733150336,86000,58,72.1909339136707
"306","S02001885",2015,7.5,316.4029167,0.133348586,8.733150336,85500,81,71.5768513980314
"307","S02001885",2016,7.5,316.4029167,0.133348586,8.733150336,85650,65,72.0363075820517
"308","S02001885",2017,7.5,316.4029167,0.133348586,8.733150336,88000,75,72.1964762166949
"309","S02001886",2011,12.33333333,258.170396,0.262724123,5.476920482,93000,68,76.772303312953
"310","S02001886",2012,12.33333333,258.170396,0.262724123,5.476920482,78600,69,80.9062400237699
"311","S02001886",2013,12.33333333,258.170396,0.262724123,5.476920482,86000,95,82.3836369858641
"312","S02001886",2014,12.33333333,258.170396,0.262724123,5.476920482,95500,97,86.1731778713996
"313","S02001886",2015,12.33333333,258.170396,0.262724123,5.476920482,93677,107,88.9951865738678
"314","S02001886",2016,12.33333333,258.170396,0.262724123,5.476920482,115000,77,87.5452045829796
"315","S02001886",2017,12.33333333,258.170396,0.262724123,5.476920482,110000,82,87.1221603769304
"316","S02001887",2011,11.6,302.4954294,0.216520546,2.104383164,110000,52,64.0267674273111
"317","S02001887",2012,11.6,302.4954294,0.216520546,2.104383164,107000,57,65.3249424511475
"318","S02001887",2013,11.6,302.4954294,0.216520546,2.104383164,115000,69,65.3485242426904
"319","S02001887",2014,11.6,302.4954294,0.216520546,2.104383164,98564,81,67.4914521134003
"320","S02001887",2015,11.6,302.4954294,0.216520546,2.104383164,110000,68,67.9594127736217
"321","S02001887",2016,11.6,302.4954294,0.216520546,2.104383164,116000,59,67.3355604061516
"322","S02001887",2017,11.6,302.4954294,0.216520546,2.104383164,125750,76,67.65853582682
"323","S02001888",2011,21,644.1015869,0.247493128,14.27465928,130000,142,99.2996265905087
"324","S02001888",2012,21,644.1015869,0.247493128,14.27465928,131995,151,97.5453542748819
"325","S02001888",2013,21,644.1015869,0.247493128,14.27465928,105000,146,98.1291031762366
"326","S02001888",2014,21,644.1015869,0.247493128,14.27465928,65000,155,98.2322246033452
"327","S02001888",2015,21,644.1015869,0.247493128,14.27465928,100000,161,98.9823673734738
"328","S02001888",2016,21,644.1015869,0.247493128,14.27465928,125000,170,104.420002832041
"329","S02001888",2017,21,644.1015869,0.247493128,14.27465928,135000,180,107.324013992099
"330","S02001889",2011,25,530.0346601,0.272921796,12.02265795,110000,192,94.6840064227321
"331","S02001889",2012,25,530.0346601,0.272921796,12.02265795,110000,184,96.7239653110971
"332","S02001889",2013,25,530.0346601,0.272921796,12.02265795,116750,194,97.2819941249121
"333","S02001889",2014,25,530.0346601,0.272921796,12.02265795,108000,229,97.8444665803561
"334","S02001889",2015,25,530.0346601,0.272921796,12.02265795,118250,181,99.6373234059583
"335","S02001889",2016,25,530.0346601,0.272921796,12.02265795,118000,177,98.7020121067104
"336","S02001889",2017,25,530.0346601,0.272921796,12.02265795,128000,180,100.45023090527
"337","S02001890",2011,18.16666667,1180.417874,0.332180679,13.03321802,125000,103,60.8320173396626
"338","S02001890",2012,18.16666667,1180.417874,0.332180679,13.03321802,84498,84,59.9345293781363
"339","S02001890",2013,18.16666667,1180.417874,0.332180679,13.03321802,83995,89,59.8238181001665
"340","S02001890",2014,18.16666667,1180.417874,0.332180679,13.03321802,108250,89,59.8986922380905
"341","S02001890",2015,18.16666667,1180.417874,0.332180679,13.03321802,118000,79,61.9363159356942
"342","S02001890",2016,18.16666667,1180.417874,0.332180679,13.03321802,116500,87,65.313431589005
"343","S02001890",2017,18.16666667,1180.417874,0.332180679,13.03321802,133000,103,67.8632831012794
"344","S02001891",2011,17.2,1202.513574,0.361242595,10.6922594,122000,65,53.4684347039623
"345","S02001891",2012,17.2,1202.513574,0.361242595,10.6922594,95475,76,55.2597380356138
"346","S02001891",2013,17.2,1202.513574,0.361242595,10.6922594,88000,74,56.7359683176387
"347","S02001891",2014,17.2,1202.513574,0.361242595,10.6922594,122000,67,57.8116800741152
"348","S02001891",2015,17.2,1202.513574,0.361242595,10.6922594,134750,89,57.9179518122428
"349","S02001891",2016,17.2,1202.513574,0.361242595,10.6922594,140000,100,58.8815904083883
"350","S02001891",2017,17.2,1202.513574,0.361242595,10.6922594,137000,73,59.0100710124436
"351","S02001892",2011,22.5,554.1344257,0.31876994,1.818907205,122000,95,54.5950741118772
"352","S02001892",2012,22.5,554.1344257,0.31876994,1.818907205,95475,74,56.0022301037927
"353","S02001892",2013,22.5,554.1344257,0.31876994,1.818907205,88000,78,57.5644115399118
"354","S02001892",2014,22.5,554.1344257,0.31876994,1.818907205,55000,86,59.0582856439261
"355","S02001892",2015,22.5,554.1344257,0.31876994,1.818907205,75000,88,58.1917582460178
"356","S02001892",2016,22.5,554.1344257,0.31876994,1.818907205,82500,92,57.303450949086
"357","S02001892",2017,22.5,554.1344257,0.31876994,1.818907205,84500,61,57.2853087598716
"358","S02001893",2011,34,384.1846496,0.284420295,6.746058841,61000,79,43.9846231914261
"359","S02001893",2012,34,384.1846496,0.284420295,6.746058841,54498,52,44.3535188700717
"360","S02001893",2013,34,384.1846496,0.284420295,6.746058841,62500,83,45.0600015696842
"361","S02001893",2014,34,384.1846496,0.284420295,6.746058841,54000,91,45.3260644855271
"362","S02001893",2015,34,384.1846496,0.284420295,6.746058841,55444,89,53.8671509052047
"363","S02001893",2016,34,384.1846496,0.284420295,6.746058841,60000,75,58.5607595136522
"364","S02001893",2017,34,384.1846496,0.284420295,6.746058841,65050,81,60.0667186712805
"365","S02001894",2011,32.71428571,1231.602673,0.323151386,4.372010586,62000,184,91.6959489493787
"366","S02001894",2012,32.71428571,1231.602673,0.323151386,4.372010586,69998,208,96.1386617283025
"367","S02001894",2013,32.71428571,1231.602673,0.323151386,4.372010586,50000,195,98.5440043840498
"368","S02001894",2014,32.71428571,1231.602673,0.323151386,4.372010586,86995,208,100.190921692408
"369","S02001894",2015,32.71428571,1231.602673,0.323151386,4.372010586,84995,202,110.059124243087
"370","S02001894",2016,32.71428571,1231.602673,0.323151386,4.372010586,89495,219,111.12459432687
"371","S02001894",2017,32.71428571,1231.602673,0.323151386,4.372010586,90000,281,118.991991219028
"372","S02001895",2011,20.8,473.562613,0.294328326,3.59658381,65000,65,48.7040910376904
"373","S02001895",2012,20.8,473.562613,0.294328326,3.59658381,63500,80,48.8544836527285
"374","S02001895",2013,20.8,473.562613,0.294328326,3.59658381,51000,71,47.912457086258
"375","S02001895",2014,20.8,473.562613,0.294328326,3.59658381,57500,72,47.9259299865803
"376","S02001895",2015,20.8,473.562613,0.294328326,3.59658381,55275,67,48.2348369012036
"377","S02001895",2016,20.8,473.562613,0.294328326,3.59658381,63500,68,51.6382486482549
"378","S02001895",2017,20.8,473.562613,0.294328326,3.59658381,68000,81,52.1998090482589
"379","S02001896",2011,22.875,506.0867397,0.279699116,6.832010576,95000,134,95.2723662925547
"380","S02001896",2012,22.875,506.0867397,0.279699116,6.832010576,94500,137,96.7111531166639
"381","S02001896",2013,22.875,506.0867397,0.279699116,6.832010576,111250,137,96.3389402595889
"382","S02001896",2014,22.875,506.0867397,0.279699116,6.832010576,94875,195,98.6741381679441
"383","S02001896",2015,22.875,506.0867397,0.279699116,6.832010576,104500,176,101.973774479401
"384","S02001896",2016,22.875,506.0867397,0.279699116,6.832010576,105250,209,102.515486703905
"385","S02001896",2017,22.875,506.0867397,0.279699116,6.832010576,111185,186,104.341951398721
"386","S02001897",2011,10.8,211.9342758,0.137075391,7.515547682,100000,59,68.1752920137226
"387","S02001897",2012,10.8,211.9342758,0.137075391,7.515547682,102000,75,67.4476580207053
"388","S02001897",2013,10.8,211.9342758,0.137075391,7.515547682,83750,96,67.166995641239
"389","S02001897",2014,10.8,211.9342758,0.137075391,7.515547682,111245,108,66.5002435370673
"390","S02001897",2015,10.8,211.9342758,0.137075391,7.515547682,109000,88,66.1081641099642
"391","S02001897",2016,10.8,211.9342758,0.137075391,7.515547682,120000,85,65.1710864911486
"392","S02001897",2017,10.8,211.9342758,0.137075391,7.515547682,120000,87,66.3069016277341
"393","S02001898",2011,16.25,197.8113833,0.212775238,15.75322357,85000,77,53.4889993475257
"394","S02001898",2012,16.25,197.8113833,0.212775238,15.75322357,89000,86,54.1714960312448
"395","S02001898",2013,16.25,197.8113833,0.212775238,15.75322357,83000,72,53.2876777063316
"396","S02001898",2014,16.25,197.8113833,0.212775238,15.75322357,105000,104,54.1390528400517
"397","S02001898",2015,16.25,197.8113833,0.212775238,15.75322357,85000,85,53.5662238736056
"398","S02001898",2016,16.25,197.8113833,0.212775238,15.75322357,90000,97,53.3231193692701
"399","S02001898",2017,16.25,197.8113833,0.212775238,15.75322357,93500,93,53.5245749338093
"400","S02001899",2011,6.4,128.6739143,0.079172156,21.75089885,155375,70,69.0305405316377
"401","S02001899",2012,6.4,128.6739143,0.079172156,21.75089885,143000,72,69.0980995447748
"402","S02001899",2013,6.4,128.6739143,0.079172156,21.75089885,142500,54,68.704238493708
"403","S02001899",2014,6.4,128.6739143,0.079172156,21.75089885,146000,77,70.5800991646629
"404","S02001899",2015,6.4,128.6739143,0.079172156,21.75089885,171250,74,71.3054021379147
"405","S02001899",2016,6.4,128.6739143,0.079172156,21.75089885,175000,61,72.3484329160637
"406","S02001899",2017,6.4,128.6739143,0.079172156,21.75089885,177500,49,71.5433680810354
"407","S02001900",2011,15.4,202.736645,0.169378247,19.90585961,89000,79,71.1674957903439
"408","S02001900",2012,15.4,202.736645,0.169378247,19.90585961,87000,78,71.5709000658709
"409","S02001900",2013,15.4,202.736645,0.169378247,19.90585961,88000,92,71.7902501719578
"410","S02001900",2014,15.4,202.736645,0.169378247,19.90585961,82500,76,71.3846783992796
"411","S02001900",2015,15.4,202.736645,0.169378247,19.90585961,82500,95,72.0370829838707
"412","S02001900",2016,15.4,202.736645,0.169378247,19.90585961,95000,98,71.795615857843
"413","S02001900",2017,15.4,202.736645,0.169378247,19.90585961,95000,122,71.2598483755901
"414","S02001901",2011,11.83333333,245.5290738,0.166784228,19.98981826,202498,108,85.3116807192264
"415","S02001901",2012,11.83333333,245.5290738,0.166784228,19.98981826,163000,92,88.3283844751162
"416","S02001901",2013,11.83333333,245.5290738,0.166784228,19.98981826,169000,121,89.6181453654686
"417","S02001901",2014,11.83333333,245.5290738,0.166784228,19.98981826,185000,129,92.9410173896321
"418","S02001901",2015,11.83333333,245.5290738,0.166784228,19.98981826,177995,147,95.9262931488995
"419","S02001901",2016,11.83333333,245.5290738,0.166784228,19.98981826,211995,138,100.526306978826
"420","S02001901",2017,11.83333333,245.5290738,0.166784228,19.98981826,197500,144,103.91309555815
"421","S02001902",2011,7,157.6482032,0.133096446,13.00139782,120000,40,76.899170293028
"422","S02001902",2012,7,157.6482032,0.133096446,13.00139782,111950,51,76.5762542099128
"423","S02001902",2013,7,157.6482032,0.133096446,13.00139782,118000,60,77.164714089634
"424","S02001902",2014,7,157.6482032,0.133096446,13.00139782,120000,64,76.569865226892
"425","S02001902",2015,7,157.6482032,0.133096446,13.00139782,131000,86,76.9237787839192
"426","S02001902",2016,7,157.6482032,0.133096446,13.00139782,134998,83,77.1710797929556
"427","S02001902",2017,7,157.6482032,0.133096446,13.00139782,140000,65,76.7886665711227
"428","S02001903",2011,6,130.9386193,0.089771572,25.02090957,138245,71,62.9731678553275
"429","S02001903",2012,6,130.9386193,0.089771572,25.02090957,125000,75,64.1637258253696
"430","S02001903",2013,6,130.9386193,0.089771572,25.02090957,105000,97,64.2250711028093
"431","S02001903",2014,6,130.9386193,0.089771572,25.02090957,123000,55,65.5080751647715
"432","S02001903",2015,6,130.9386193,0.089771572,25.02090957,120000,62,66.563581791193
"433","S02001903",2016,6,130.9386193,0.089771572,25.02090957,128500,62,67.7126695934055
"434","S02001903",2017,6,130.9386193,0.089771572,25.02090957,140000,75,67.9651990210821
"435","S02001904",2011,19.8,390.6114447,0.348750955,25.22972348,55500,107,50.4476248032509
"436","S02001904",2012,19.8,390.6114447,0.348750955,25.22972348,41000,86,49.5533956223093
"437","S02001904",2013,19.8,390.6114447,0.348750955,25.22972348,39995,121,50.01763038987
"438","S02001904",2014,19.8,390.6114447,0.348750955,25.22972348,155000,116,50.6629452688429
"439","S02001904",2015,19.8,390.6114447,0.348750955,25.22972348,157500,124,51.5752613162424
"440","S02001904",2016,19.8,390.6114447,0.348750955,25.22972348,45000,98,51.0283655051402
"441","S02001904",2017,19.8,390.6114447,0.348750955,25.22972348,67750,109,48.6062646330729
"442","S02001905",2011,32.66666667,457.1833143,0.279386118,9.060699323,52500,77,43.6610857072894
"443","S02001905",2012,32.66666667,457.1833143,0.279386118,9.060699323,29500,93,43.0157906430333
"444","S02001905",2013,32.66666667,457.1833143,0.279386118,9.060699323,65000,95,41.5633594922832
"445","S02001905",2014,32.66666667,457.1833143,0.279386118,9.060699323,56500,111,41.7347948528868
"446","S02001905",2015,32.66666667,457.1833143,0.279386118,9.060699323,48000,93,40.5584163711948
"447","S02001905",2016,32.66666667,457.1833143,0.279386118,9.060699323,48000,103,40.7496646560985
"448","S02001905",2017,32.66666667,457.1833143,0.279386118,9.060699323,48000,118,40.2296693165327
"449","S02001906",2011,16.2,385.0381215,0.203472764,15.89290319,135000,79,52.228842071093
"450","S02001906",2012,16.2,385.0381215,0.203472764,15.89290319,125000,62,54.5408374820668
"451","S02001906",2013,16.2,385.0381215,0.203472764,15.89290319,169995,105,57.9241287030503
"452","S02001906",2014,16.2,385.0381215,0.203472764,15.89290319,203995,115,61.0229796961228
"453","S02001906",2015,16.2,385.0381215,0.203472764,15.89290319,148500,105,63.4630710392153
"454","S02001906",2016,16.2,385.0381215,0.203472764,15.89290319,155000,95,65.7708900850521
"455","S02001906",2017,16.2,385.0381215,0.203472764,15.89290319,144998,99,66.7647575899011
"456","S02001907",2011,31.6,967.6000714,0.281902286,18.39637293,45000,77,48.0644471099471
"457","S02001907",2012,31.6,967.6000714,0.281902286,18.39637293,53500,104,46.7611908369472
"458","S02001907",2013,31.6,967.6000714,0.281902286,18.39637293,42500,83,48.843923036394
"459","S02001907",2014,31.6,967.6000714,0.281902286,18.39637293,39500,106,49.5187981347145
"460","S02001907",2015,31.6,967.6000714,0.281902286,18.39637293,39500,110,51.6869625185075
"461","S02001907",2016,31.6,967.6000714,0.281902286,18.39637293,39500,139,51.2515125069757
"462","S02001907",2017,31.6,967.6000714,0.281902286,18.39637293,39500,132,52.1328991635148
"463","S02001908",2011,22.25,497.4098396,0.215364569,22.8330105,70000,127,74.2171988933633
"464","S02001908",2012,22.25,497.4098396,0.215364569,22.8330105,52500,115,73.5907933673712
"465","S02001908",2013,22.25,497.4098396,0.215364569,22.8330105,70000,121,75.5219778422581
"466","S02001908",2014,22.25,497.4098396,0.215364569,22.8330105,70000,166,74.9831657990538
"467","S02001908",2015,22.25,497.4098396,0.215364569,22.8330105,70250,114,74.1222761802542
"468","S02001908",2016,22.25,497.4098396,0.215364569,22.8330105,65000,160,73.6161595208364
"469","S02001908",2017,22.25,497.4098396,0.215364569,22.8330105,62000,136,74.3695170656107
"470","S02001909",2011,20.5,419.9548406,0.214615442,5.634296269,74250,155,101.943877446349
"471","S02001909",2012,20.5,419.9548406,0.214615442,5.634296269,68000,128,101.55608427746
"472","S02001909",2013,20.5,419.9548406,0.214615442,5.634296269,71000,164,100.993158834333
"473","S02001909",2014,20.5,419.9548406,0.214615442,5.634296269,84025,133,101.199039968353
"474","S02001909",2015,20.5,419.9548406,0.214615442,5.634296269,73125,150,101.521210851069
"475","S02001909",2016,20.5,419.9548406,0.214615442,5.634296269,75000,192,100.455256235742
"476","S02001909",2017,20.5,419.9548406,0.214615442,5.634296269,88250,154,100.620211004602
"477","S02001910",2011,28.6,830.9290669,0.24153708,3.188619358,78500,117,85.6133682615143
"478","S02001910",2012,28.6,830.9290669,0.24153708,3.188619358,59063,114,85.4348969271379
"479","S02001910",2013,28.6,830.9290669,0.24153708,3.188619358,72500,155,85.2389061436018
"480","S02001910",2014,28.6,830.9290669,0.24153708,3.188619358,70000,142,84.5894679132322
"481","S02001910",2015,28.6,830.9290669,0.24153708,3.188619358,66500,141,84.0943260584576
"482","S02001910",2016,28.6,830.9290669,0.24153708,3.188619358,72500,191,82.7954986792197
"483","S02001910",2017,28.6,830.9290669,0.24153708,3.188619358,69000,114,82.4611002923446
"484","S02001911",2011,23.8,580.348971,0.278732804,2.487900835,60000,80,57.0557768358037
"485","S02001911",2012,23.8,580.348971,0.278732804,2.487900835,51000,82,57.4320447247284
"486","S02001911",2013,23.8,580.348971,0.278732804,2.487900835,63000,88,58.9370233993739
"487","S02001911",2014,23.8,580.348971,0.278732804,2.487900835,62250,100,59.6454745088003
"488","S02001911",2015,23.8,580.348971,0.278732804,2.487900835,64000,89,60.7582550758233
"489","S02001911",2016,23.8,580.348971,0.278732804,2.487900835,60000,138,62.6054027353783
"490","S02001911",2017,23.8,580.348971,0.278732804,2.487900835,68262,118,63.9705536882991
"491","S02001912",2011,29,614.6138252,0.254203764,6.438775592,108995,97,66.7473969751662
"492","S02001912",2012,29,614.6138252,0.254203764,6.438775592,134995,126,66.8553977627433
"493","S02001912",2013,29,614.6138252,0.254203764,6.438775592,97495,145,68.2706215191325
"494","S02001912",2014,29,614.6138252,0.254203764,6.438775592,138995,135,68.0046252715161
"495","S02001912",2015,29,614.6138252,0.254203764,6.438775592,171995,158,70.0932812331767
"496","S02001912",2016,29,614.6138252,0.254203764,6.438775592,159000,100,72.6101565173338
"497","S02001912",2017,29,614.6138252,0.254203764,6.438775592,149998,137,76.6615168331299
"498","S02001913",2011,23,404.8360824,0.211170444,3.911898468,88000,111,79.9228149999696
"499","S02001913",2012,23,404.8360824,0.211170444,3.911898468,71000,126,79.4216982038084
"500","S02001913",2013,23,404.8360824,0.211170444,3.911898468,71000,128,78.3740949914743
"501","S02001913",2014,23,404.8360824,0.211170444,3.911898468,70000,118,77.0559008606182
"502","S02001913",2015,23,404.8360824,0.211170444,3.911898468,78500,129,75.0789544168207
"503","S02001913",2016,23,404.8360824,0.211170444,3.911898468,81000,177,73.3557790674464
"504","S02001913",2017,23,404.8360824,0.211170444,3.911898468,77500,153,71.6311797628454
"505","S02001914",2011,26.11111111,640.379566,0.248005648,13.16247854,72750,172,114.841270383723
"506","S02001914",2012,26.11111111,640.379566,0.248005648,13.16247854,67750,195,115.907147408315
"507","S02001914",2013,26.11111111,640.379566,0.248005648,13.16247854,69998,183,116.710710894662
"508","S02001914",2014,26.11111111,640.379566,0.248005648,13.16247854,75000,210,118.981475481344
"509","S02001914",2015,26.11111111,640.379566,0.248005648,13.16247854,78000,225,119.663653117095
"510","S02001914",2016,26.11111111,640.379566,0.248005648,13.16247854,77889,229,123.167581569285
"511","S02001914",2017,26.11111111,640.379566,0.248005648,13.16247854,90000,191,123.312069158803
"512","S02001915",2011,25.85714286,481.0115535,0.292258753,15.99633394,55000,140,89.7746393436982
"513","S02001915",2012,25.85714286,481.0115535,0.292258753,15.99633394,69950,126,90.1693586159378
"514","S02001915",2013,25.85714286,481.0115535,0.292258753,15.99633394,60000,158,90.918583435265
"515","S02001915",2014,25.85714286,481.0115535,0.292258753,15.99633394,62500,185,94.0068391947642
"516","S02001915",2015,25.85714286,481.0115535,0.292258753,15.99633394,65250,186,96.1588995319555
"517","S02001915",2016,25.85714286,481.0115535,0.292258753,15.99633394,72500,175,96.973469467676
"518","S02001915",2017,25.85714286,481.0115535,0.292258753,15.99633394,141000,168,98.9006548235813
"519","S02001916",2011,21.42857143,401.8526735,0.208854116,7.454386393,74000,187,99.9641717547159
"520","S02001916",2012,21.42857143,401.8526735,0.208854116,7.454386393,76000,129,98.2298996356898
"521","S02001916",2013,21.42857143,401.8526735,0.208854116,7.454386393,80000,167,97.8293769019303
"522","S02001916",2014,21.42857143,401.8526735,0.208854116,7.454386393,76750,151,98.7041576920252
"523","S02001916",2015,21.42857143,401.8526735,0.208854116,7.454386393,85000,134,99.0106722783716
"524","S02001916",2016,21.42857143,401.8526735,0.208854116,7.454386393,85000,179,97.8200266321893
"525","S02001916",2017,21.42857143,401.8526735,0.208854116,7.454386393,90000,149,97.2785230098287
"526","S02001917",2011,22.42857143,319.4718034,0.224420617,11.83770035,88250,97,75.2031847193692
"527","S02001917",2012,22.42857143,319.4718034,0.224420617,11.83770035,97500,99,76.2991828594445
"528","S02001917",2013,22.42857143,319.4718034,0.224420617,11.83770035,74250,108,77.4996381967455
"529","S02001917",2014,22.42857143,319.4718034,0.224420617,11.83770035,74050,148,78.1005946370404
"530","S02001917",2015,22.42857143,319.4718034,0.224420617,11.83770035,69000,138,79.2418204621956
"531","S02001917",2016,22.42857143,319.4718034,0.224420617,11.83770035,85000,154,80.2416746021921
"532","S02001917",2017,22.42857143,319.4718034,0.224420617,11.83770035,98000,129,80.0433340459919
"533","S02001918",2011,6.5,156.4426152,0.122677385,27.83698269,160000,49,88.5905979408899
"534","S02001918",2012,6.5,156.4426152,0.122677385,27.83698269,130000,62,89.268465709128
"535","S02001918",2013,6.5,156.4426152,0.122677385,27.83698269,130000,74,91.0951457746555
"536","S02001918",2014,6.5,156.4426152,0.122677385,27.83698269,133067,90,91.0641656423083
"537","S02001918",2015,6.5,156.4426152,0.122677385,27.83698269,138875,116,90.7754106139344
"538","S02001918",2016,6.5,156.4426152,0.122677385,27.83698269,155000,74,91.0520915773777
"539","S02001918",2017,6.5,156.4426152,0.122677385,27.83698269,183246,67,90.7312473943442
"540","S02001919",2011,23.8,561.6910329,0.21219529,9.404257138,71000,92,63.1980633486472
"541","S02001919",2012,23.8,561.6910329,0.21219529,9.404257138,71500,114,62.2754588483783
"542","S02001919",2013,23.8,561.6910329,0.21219529,9.404257138,75000,105,61.6743921632734
"543","S02001919",2014,23.8,561.6910329,0.21219529,9.404257138,72000,134,61.1098013846717
"544","S02001919",2015,23.8,561.6910329,0.21219529,9.404257138,82875,129,62.3250204136111
"545","S02001919",2016,23.8,561.6910329,0.21219529,9.404257138,80600,140,61.6013902239032
"546","S02001919",2017,23.8,561.6910329,0.21219529,9.404257138,89250,130,62.0941378920043
"547","S02001920",2011,21.25,497.0852042,0.224079769,6.439218105,70500,59,47.0347389967084
"548","S02001920",2012,21.25,497.0852042,0.224079769,6.439218105,76500,60,46.593200824838
"549","S02001920",2013,21.25,497.0852042,0.224079769,6.439218105,68250,77,46.7708351848743
"550","S02001920",2014,21.25,497.0852042,0.224079769,6.439218105,85000,68,47.2967774737849
"551","S02001920",2015,21.25,497.0852042,0.224079769,6.439218105,83500,61,49.2720888407286
"552","S02001920",2016,21.25,497.0852042,0.224079769,6.439218105,82750,64,52.2115594163267
"553","S02001920",2017,21.25,497.0852042,0.224079769,6.439218105,97000,83,49.9230219651503
"554","S02001921",2011,18.8,521.2508113,0.357510684,10.126476,61000,74,63.9026400644241
"555","S02001921",2012,18.8,521.2508113,0.357510684,10.126476,64500,75,64.890598234145
"556","S02001921",2013,18.8,521.2508113,0.357510684,10.126476,65000,99,60.0211280345807
"557","S02001921",2014,18.8,521.2508113,0.357510684,10.126476,76500,106,59.7303021964509
"558","S02001921",2015,18.8,521.2508113,0.357510684,10.126476,69000,92,54.1279606336061
"559","S02001921",2016,18.8,521.2508113,0.357510684,10.126476,70000,89,55.5504584608158
"560","S02001921",2017,18.8,521.2508113,0.357510684,10.126476,68000,87,54.4239419402206
"561","S02001922",2011,25.4,909.8223747,0.232155805,7.769254326,71000,163,91.7005692749477
"562","S02001922",2012,25.4,909.8223747,0.232155805,7.769254326,69998,150,90.4107410750261
"563","S02001922",2013,25.4,909.8223747,0.232155805,7.769254326,71300,186,91.1500038850798
"564","S02001922",2014,25.4,909.8223747,0.232155805,7.769254326,73150,185,88.8101196265371
"565","S02001922",2015,25.4,909.8223747,0.232155805,7.769254326,75500,194,87.8065785661353
"566","S02001922",2016,25.4,909.8223747,0.232155805,7.769254326,77175,193,86.6078416004481
"567","S02001922",2017,25.4,909.8223747,0.232155805,7.769254326,75000,157,84.5990266446684
"568","S02001923",2011,24.2,588.5197247,0.25945025,7.753551774,62000,103,72.3002221937385
"569","S02001923",2012,24.2,588.5197247,0.25945025,7.753551774,53000,108,74.4530982357048
"570","S02001923",2013,24.2,588.5197247,0.25945025,7.753551774,42525,101,74.5776224706049
"571","S02001923",2014,24.2,588.5197247,0.25945025,7.753551774,75795,95,74.7933085140568
"572","S02001923",2015,24.2,588.5197247,0.25945025,7.753551774,55000,95,75.4608172369227
"573","S02001923",2016,24.2,588.5197247,0.25945025,7.753551774,61000,99,75.642820336794
"574","S02001923",2017,24.2,588.5197247,0.25945025,7.753551774,60000,88,76.3892737727174
"575","S02001924",2011,22.83333333,484.9353493,0.281416573,6.860519939,91250,90,57.1268386889662
"576","S02001924",2012,22.83333333,484.9353493,0.281416573,6.860519939,97250,89,58.7751531493854
"577","S02001924",2013,22.83333333,484.9353493,0.281416573,6.860519939,94500,130,56.1353470960985
"578","S02001924",2014,22.83333333,484.9353493,0.281416573,6.860519939,116500,112,56.3679846478553
"579","S02001924",2015,22.83333333,484.9353493,0.281416573,6.860519939,95000,121,60.3040312254619
"580","S02001924",2016,22.83333333,484.9353493,0.281416573,6.860519939,100000,130,62.0545605552176
"581","S02001924",2017,22.83333333,484.9353493,0.281416573,6.860519939,101500,86,61.5885472076842
"582","S02001925",2011,20,714.3702126,0.433972951,7.138450865,105000,38,32.5596049794924
"583","S02001925",2012,20,714.3702126,0.433972951,7.138450865,63000,32,28.1294381533465
"584","S02001925",2013,20,714.3702126,0.433972951,7.138450865,65000,44,23.7186005999166
"585","S02001925",2014,20,714.3702126,0.433972951,7.138450865,66500,41,20.5746650290232
"586","S02001925",2015,20,714.3702126,0.433972951,7.138450865,68000,27,16.2881287081289
"587","S02001925",2016,20,714.3702126,0.433972951,7.138450865,69500,21,15.7938688046969
"588","S02001925",2017,20,714.3702126,0.433972951,7.138450865,65750,15,12.6110688881816
"589","S02001926",2011,27.16666667,635.0696115,0.335439802,13.86609466,89750,150,95.6295357418472
"590","S02001926",2012,27.16666667,635.0696115,0.335439802,13.86609466,63000,149,96.4470719479541
"591","S02001926",2013,27.16666667,635.0696115,0.335439802,13.86609466,45000,163,97.5526421235941
"592","S02001926",2014,27.16666667,635.0696115,0.335439802,13.86609466,59498,183,97.3531711181525
"593","S02001926",2015,27.16666667,635.0696115,0.335439802,13.86609466,71500,184,94.8242368622049
"594","S02001926",2016,27.16666667,635.0696115,0.335439802,13.86609466,70000,222,91.7433765554289
"595","S02001926",2017,27.16666667,635.0696115,0.335439802,13.86609466,95000,170,91.3780194156078
"596","S02001927",2011,9.2,324.5710168,0.27563974,1.554022266,99973,62,59.0421472342277
"597","S02001927",2012,9.2,324.5710168,0.27563974,1.554022266,88500,89,60.1886463216968
"598","S02001927",2013,9.2,324.5710168,0.27563974,1.554022266,87000,66,62.227706704924
"599","S02001927",2014,9.2,324.5710168,0.27563974,1.554022266,103500,79,62.3630600274405
"600","S02001927",2015,9.2,324.5710168,0.27563974,1.554022266,110000,100,61.0668502973659
"601","S02001927",2016,9.2,324.5710168,0.27563974,1.554022266,120281,72,61.1800937618815
"602","S02001927",2017,9.2,324.5710168,0.27563974,1.554022266,128000,92,61.0014156206988
"603","S02001928",2011,15.33333333,264.7253121,0.297969814,1.876880484,99000,57,41.8033323243529
"604","S02001928",2012,15.33333333,264.7253121,0.297969814,1.876880484,88000,92,42.1071251967828
"605","S02001928",2013,15.33333333,264.7253121,0.297969814,1.876880484,87000,76,42.1254827392296
"606","S02001928",2014,15.33333333,264.7253121,0.297969814,1.876880484,75998,57,42.6464555291767
"607","S02001928",2015,15.33333333,264.7253121,0.297969814,1.876880484,81500,64,42.3267503258368
"608","S02001928",2016,15.33333333,264.7253121,0.297969814,1.876880484,91150,89,43.5313157275256
"609","S02001928",2017,15.33333333,264.7253121,0.297969814,1.876880484,97000,65,41.6971080138917
"610","S02001929",2011,24.5,785.5666745,0.354315467,6.876317547,52750,121,71.2397606355431
"611","S02001929",2012,24.5,785.5666745,0.354315467,6.876317547,52000,128,70.185957504306
"612","S02001929",2013,24.5,785.5666745,0.354315467,6.876317547,53000,107,69.6031045512395
"613","S02001929",2014,24.5,785.5666745,0.354315467,6.876317547,60000,125,71.0222444666313
"614","S02001929",2015,24.5,785.5666745,0.354315467,6.876317547,55000,107,71.6433982360659
"615","S02001929",2016,24.5,785.5666745,0.354315467,6.876317547,68000,125,71.4962904223855
"616","S02001929",2017,24.5,785.5666745,0.354315467,6.876317547,85000,127,71.3513334076677
"617","S02001930",2011,11.16666667,369.4822825,0.260931966,2.438585843,99973,54,52.7805656360839
"618","S02001930",2012,11.16666667,369.4822825,0.260931966,2.438585843,88500,47,54.1079035087339
"619","S02001930",2013,11.16666667,369.4822825,0.260931966,2.438585843,87000,42,55.4987322081901
"620","S02001930",2014,11.16666667,369.4822825,0.260931966,2.438585843,94500,56,55.8745905215736
"621","S02001930",2015,11.16666667,369.4822825,0.260931966,2.438585843,105500,85,54.3849427194661
"622","S02001930",2016,11.16666667,369.4822825,0.260931966,2.438585843,110362,64,52.0939858278137
"623","S02001930",2017,11.16666667,369.4822825,0.260931966,2.438585843,120000,48,53.1466012369252
"624","S02001931",2011,15.2,545.2936959,0.420246624,9.399715841,120000,76,61.0864678896646
"625","S02001931",2012,15.2,545.2936959,0.420246624,9.399715841,112500,71,61.2904919328887
"626","S02001931",2013,15.2,545.2936959,0.420246624,9.399715841,98250,114,62.4019780502676
"627","S02001931",2014,15.2,545.2936959,0.420246624,9.399715841,86000,100,63.9256952505626
"628","S02001931",2015,15.2,545.2936959,0.420246624,9.399715841,135000,118,68.1055872075027
"629","S02001931",2016,15.2,545.2936959,0.420246624,9.399715841,113775,91,70.8527839278585
"630","S02001931",2017,15.2,545.2936959,0.420246624,9.399715841,129500,103,71.1820875821016
"631","S02001932",2011,10.85714286,1293.042637,0.449081965,14.24088397,126500,92,104.364011756269
"632","S02001932",2012,10.85714286,1293.042637,0.449081965,14.24088397,118500,87,105.829452662345
"633","S02001932",2013,10.85714286,1293.042637,0.449081965,14.24088397,125000,83,105.687318665286
"634","S02001932",2014,10.85714286,1293.042637,0.449081965,14.24088397,129000,100,106.829775316163
"635","S02001932",2015,10.85714286,1293.042637,0.449081965,14.24088397,134000,113,110.2550068464
"636","S02001932",2016,10.85714286,1293.042637,0.449081965,14.24088397,142000,139,110.476057242553
"637","S02001932",2017,10.85714286,1293.042637,0.449081965,14.24088397,165834,102,110.060057265272
"638","S02001933",2011,10.83333333,1663.235813,0.416459683,5.025349349,132637,56,57.1446520169712
"639","S02001933",2012,10.83333333,1663.235813,0.416459683,5.025349349,130000,66,57.9566411055876
"640","S02001933",2013,10.83333333,1663.235813,0.416459683,5.025349349,138000,62,56.9459764584211
"641","S02001933",2014,10.83333333,1663.235813,0.416459683,5.025349349,140701,73,58.1722348692666
"642","S02001933",2015,10.83333333,1663.235813,0.416459683,5.025349349,135000,72,60.2705781047345
"643","S02001933",2016,10.83333333,1663.235813,0.416459683,5.025349349,135851,95,63.7696325050549
"644","S02001933",2017,10.83333333,1663.235813,0.416459683,5.025349349,154000,84,64.9939996856091
"645","S02001934",2011,6.5,8028.123432,0.456148338,13.42025722,132637,23,28.307774089973
"646","S02001934",2012,6.5,8028.123432,0.456148338,13.42025722,130000,47,30.1858984634739
"647","S02001934",2013,6.5,8028.123432,0.456148338,13.42025722,138000,26,31.1623168961171
"648","S02001934",2014,6.5,8028.123432,0.456148338,13.42025722,146000,33,32.7075048974123
"649","S02001934",2015,6.5,8028.123432,0.456148338,13.42025722,148000,27,36.037387195651
"650","S02001934",2016,6.5,8028.123432,0.456148338,13.42025722,147900,32,38.7414952401997
"651","S02001934",2017,6.5,8028.123432,0.456148338,13.42025722,170000,35,40.1248525898893
"652","S02001935",2011,10,283.6307344,0.370068928,2.845652036,168000,57,53.4073322003518
"653","S02001935",2012,10,283.6307344,0.370068928,2.845652036,121656,44,54.6015436877928
"654","S02001935",2013,10,283.6307344,0.370068928,2.845652036,120274,70,56.7268686098303
"655","S02001935",2014,10,283.6307344,0.370068928,2.845652036,170000,72,58.9062271265231
"656","S02001935",2015,10,283.6307344,0.370068928,2.845652036,165250,80,59.4371147936396
"657","S02001935",2016,10,283.6307344,0.370068928,2.845652036,161500,85,61.4026575026728
"658","S02001935",2017,10,283.6307344,0.370068928,2.845652036,182500,56,61.84680672381
"659","S02001936",2011,7.142857143,539.0967868,0.31911814,4.06883621,149012,55,70.1652741184212
"660","S02001936",2012,7.142857143,539.0967868,0.31911814,4.06883621,138500,50,72.6133373013652
"661","S02001936",2013,7.142857143,539.0967868,0.31911814,4.06883621,124900,63,73.1821734855682
"662","S02001936",2014,7.142857143,539.0967868,0.31911814,4.06883621,147750,62,75.5998078241828
"663","S02001936",2015,7.142857143,539.0967868,0.31911814,4.06883621,160128,61,80.4084367903289
"664","S02001936",2016,7.142857143,539.0967868,0.31911814,4.06883621,166600,51,85.1628987988973
"665","S02001936",2017,7.142857143,539.0967868,0.31911814,4.06883621,180374,50,88.7781012374718
"666","S02001937",2011,6.375,436.5163093,0.360057625,4.011530724,185000,83,67.648182600172
"667","S02001937",2012,6.375,436.5163093,0.360057625,4.011530724,172560,58,68.9995034856941
"668","S02001937",2013,6.375,436.5163093,0.360057625,4.011530724,188750,67,72.0491803204678
"669","S02001937",2014,6.375,436.5163093,0.360057625,4.011530724,183900,87,72.4776411080884
"670","S02001937",2015,6.375,436.5163093,0.360057625,4.011530724,210000,54,75.181092028277
"671","S02001937",2016,6.375,436.5163093,0.360057625,4.011530724,227500,73,77.8949894948244
"672","S02001937",2017,6.375,436.5163093,0.360057625,4.011530724,235750,57,80.4879495864119
"673","S02001938",2011,19.75,469.9594198,0.335437471,1.905973806,112500,69,61.304617636741
"674","S02001938",2012,19.75,469.9594198,0.335437471,1.905973806,105500,97,62.228057575947
"675","S02001938",2013,19.75,469.9594198,0.335437471,1.905973806,116000,105,63.3709967695881
"676","S02001938",2014,19.75,469.9594198,0.335437471,1.905973806,130117,102,62.0121623124737
"677","S02001938",2015,19.75,469.9594198,0.335437471,1.905973806,123250,98,61.7910248191704
"678","S02001938",2016,19.75,469.9594198,0.335437471,1.905973806,129043,99,62.4625419638636
"679","S02001938",2017,19.75,469.9594198,0.335437471,1.905973806,125114,134,60.9187180860648
"680","S02001939",2011,15,392.7670092,0.317619744,4.147507139,124875,69,74.053897294286
"681","S02001939",2012,15,392.7670092,0.317619744,4.147507139,130000,92,79.3477658990906
"682","S02001939",2013,15,392.7670092,0.317619744,4.147507139,134325,90,81.6242813508182
"683","S02001939",2014,15,392.7670092,0.317619744,4.147507139,135500,112,83.95910065017
"684","S02001939",2015,15,392.7670092,0.317619744,4.147507139,132000,103,84.3807955082837
"685","S02001939",2016,15,392.7670092,0.317619744,4.147507139,130021,114,85.9112169378998
"686","S02001939",2017,15,392.7670092,0.317619744,4.147507139,146000,94,84.8793861544711
"687","S02001940",2011,28.5,799.4772586,0.327037678,7.122187401,67500,125,67.6630208200062
"688","S02001940",2012,28.5,799.4772586,0.327037678,7.122187401,79250,118,67.3285884352814
"689","S02001940",2013,28.5,799.4772586,0.327037678,7.122187401,66500,149,67.5376500552776
"690","S02001940",2014,28.5,799.4772586,0.327037678,7.122187401,75000,119,68.5955451587761
"691","S02001940",2015,28.5,799.4772586,0.327037678,7.122187401,88150,108,69.1270383868741
"692","S02001940",2016,28.5,799.4772586,0.327037678,7.122187401,95000,127,71.5218339177196
"693","S02001940",2017,28.5,799.4772586,0.327037678,7.122187401,100750,119,73.3963421534476
"694","S02001941",2011,13.625,499.9631053,0.285624671,8.920633386,134500,108,90.0927709933584
"695","S02001941",2012,13.625,499.9631053,0.285624671,8.920633386,115000,93,94.4080316691514
"696","S02001941",2013,13.625,499.9631053,0.285624671,8.920633386,123025,133,96.9877044064263
"697","S02001941",2014,13.625,499.9631053,0.285624671,8.920633386,125000,130,97.8532043811072
"698","S02001941",2015,13.625,499.9631053,0.285624671,8.920633386,140000,118,96.5348562630228
"699","S02001941",2016,13.625,499.9631053,0.285624671,8.920633386,142500,130,102.252471717939
"700","S02001941",2017,13.625,499.9631053,0.285624671,8.920633386,148014,135,102.477806037549
"701","S02001942",2011,27.71428571,575.2920489,0.240398603,11.51299298,87365,183,114.391778170861
"702","S02001942",2012,27.71428571,575.2920489,0.240398603,11.51299298,87500,199,111.917310936105
"703","S02001942",2013,27.71428571,575.2920489,0.240398603,11.51299298,72500,210,111.840886537748
"704","S02001942",2014,27.71428571,575.2920489,0.240398603,11.51299298,79000,231,111.250766416869
"705","S02001942",2015,27.71428571,575.2920489,0.240398603,11.51299298,88000,278,110.924399103652
"706","S02001942",2016,27.71428571,575.2920489,0.240398603,11.51299298,96100,243,109.240010775126
"707","S02001942",2017,27.71428571,575.2920489,0.240398603,11.51299298,84250,251,108.827365100651
"708","S02001943",2011,28.4,534.2018709,0.212317629,16.57234949,69500,112,73.0378392103386
"709","S02001943",2012,28.4,534.2018709,0.212317629,16.57234949,68000,89,72.6104360401468
"710","S02001943",2013,28.4,534.2018709,0.212317629,16.57234949,59000,117,74.0276726401763
"711","S02001943",2014,28.4,534.2018709,0.212317629,16.57234949,70000,134,74.388468924839
"712","S02001943",2015,28.4,534.2018709,0.212317629,16.57234949,70000,147,74.1608516777437
"713","S02001943",2016,28.4,534.2018709,0.212317629,16.57234949,70000,163,74.0935652977357
"714","S02001943",2017,28.4,534.2018709,0.212317629,16.57234949,76000,145,75.7924444111895
"715","S02001944",2011,28.4,483.5924785,0.229857211,11.75117888,80000,83,64.3312329802971
"716","S02001944",2012,28.4,483.5924785,0.229857211,11.75117888,63500,88,62.0296685564156
"717","S02001944",2013,28.4,483.5924785,0.229857211,11.75117888,55000,89,62.0049619831738
"718","S02001944",2014,28.4,483.5924785,0.229857211,11.75117888,81000,95,63.8069874630118
"719","S02001944",2015,28.4,483.5924785,0.229857211,11.75117888,78500,91,61.3582236396814
"720","S02001944",2016,28.4,483.5924785,0.229857211,11.75117888,69000,99,58.2172708103067
"721","S02001944",2017,28.4,483.5924785,0.229857211,11.75117888,80750,102,56.7737277865837
"722","S02001945",2011,15.16666667,298.1507375,0.215042349,28.98401737,190000,73,60.3728852863857
"723","S02001945",2012,15.16666667,298.1507375,0.215042349,28.98401737,160000,89,61.595359429716
"724","S02001945",2013,15.16666667,298.1507375,0.215042349,28.98401737,180000,90,63.3326715586402
"725","S02001945",2014,15.16666667,298.1507375,0.215042349,28.98401737,103528,75,65.3067122977354
"726","S02001945",2015,15.16666667,298.1507375,0.215042349,28.98401737,106375,68,66.2952512009247
"727","S02001945",2016,15.16666667,298.1507375,0.215042349,28.98401737,106250,91,66.9584708779488
"728","S02001945",2017,15.16666667,298.1507375,0.215042349,28.98401737,172500,93,67.662598333011
"729","S02001946",2011,15.25,296.638145,0.200813406,17.90839449,95000,73,71.0849674442374
"730","S02001946",2012,15.25,296.638145,0.200813406,17.90839449,74000,98,71.3275894085778
"731","S02001946",2013,15.25,296.638145,0.200813406,17.90839449,83625,121,70.2072724467012
"732","S02001946",2014,15.25,296.638145,0.200813406,17.90839449,100000,102,70.540303973797
"733","S02001946",2015,15.25,296.638145,0.200813406,17.90839449,100000,130,70.8875885295976
"734","S02001946",2016,15.25,296.638145,0.200813406,17.90839449,87000,116,67.7374994460548
"735","S02001946",2017,15.25,296.638145,0.200813406,17.90839449,112500,142,67.2463280152677
"736","S02001947",2011,24.75,387.3590059,0.260941365,21.45542075,76225,79,57.2457138210901
"737","S02001947",2012,24.75,387.3590059,0.260941365,21.45542075,76000,99,57.4679410231652
"738","S02001947",2013,24.75,387.3590059,0.260941365,21.45542075,85022,87,56.901577890238
"739","S02001947",2014,24.75,387.3590059,0.260941365,21.45542075,87000,103,58.5095000661805
"740","S02001947",2015,24.75,387.3590059,0.260941365,21.45542075,89000,80,57.8169486393566
"741","S02001947",2016,24.75,387.3590059,0.260941365,21.45542075,100000,97,56.7040956671699
"742","S02001947",2017,24.75,387.3590059,0.260941365,21.45542075,137000,93,55.9099254222222
"743","S02001948",2011,23.75,589.0760904,0.265640871,15.65492763,88945,58,42.1914852649128
"744","S02001948",2012,23.75,589.0760904,0.265640871,15.65492763,82500,58,42.8146429573747
"745","S02001948",2013,23.75,589.0760904,0.265640871,15.65492763,88000,64,42.8789444749093
"746","S02001948",2014,23.75,589.0760904,0.265640871,15.65492763,79500,70,44.2618550322378
"747","S02001948",2015,23.75,589.0760904,0.265640871,15.65492763,79000,99,45.813762628231
"748","S02001948",2016,23.75,589.0760904,0.265640871,15.65492763,144750,77,45.4906999945956
"749","S02001948",2017,23.75,589.0760904,0.265640871,15.65492763,145000,88,46.2500130287647
"750","S02001949",2011,35.2,935.0393643,0.409938099,9.310966884,68000,105,62.3553857929202
"751","S02001949",2012,35.2,935.0393643,0.409938099,9.310966884,50000,115,61.5179564842914
"752","S02001949",2013,35.2,935.0393643,0.409938099,9.310966884,53000,97,61.3828679429715
"753","S02001949",2014,35.2,935.0393643,0.409938099,9.310966884,67500,127,63.2642939005628
"754","S02001949",2015,35.2,935.0393643,0.409938099,9.310966884,57000,112,66.1690743085017
"755","S02001949",2016,35.2,935.0393643,0.409938099,9.310966884,65000,117,65.8940823487787
"756","S02001949",2017,35.2,935.0393643,0.409938099,9.310966884,71625,109,66.6921083098524
"757","S02001950",2011,3.833333333,135.3417563,0.104505957,12.20349472,175000,62,99.046733693911
"758","S02001950",2012,3.833333333,135.3417563,0.104505957,12.20349472,205000,57,99.6891454655209
"759","S02001950",2013,3.833333333,135.3417563,0.104505957,12.20349472,186000,58,99.5156340074416
"760","S02001950",2014,3.833333333,135.3417563,0.104505957,12.20349472,205000,86,100.612775924403
"761","S02001950",2015,3.833333333,135.3417563,0.104505957,12.20349472,220000,101,102.800603739765
"762","S02001950",2016,3.833333333,135.3417563,0.104505957,12.20349472,240892,68,102.434425170557
"763","S02001950",2017,3.833333333,135.3417563,0.104505957,12.20349472,252500,86,103.854201804011
"764","S02001951",2011,5,189.205905,0.180540897,8.774174348,220000,40,49.4353425245036
"765","S02001951",2012,5,189.205905,0.180540897,8.774174348,200000,24,49.8175187190101
"766","S02001951",2013,5,189.205905,0.180540897,8.774174348,200000,23,51.1663820630038
"767","S02001951",2014,5,189.205905,0.180540897,8.774174348,233000,26,52.7394151752059
"768","S02001951",2015,5,189.205905,0.180540897,8.774174348,215000,31,52.5158624741281
"769","S02001951",2016,5,189.205905,0.180540897,8.774174348,260000,43,52.5851567183962
"770","S02001951",2017,5,189.205905,0.180540897,8.774174348,288825,40,54.4350976633822
"771","S02001952",2011,4.857142857,406.1195954,0.322938878,2.679058162,230000,33,65.9802597320998
"772","S02001952",2012,4.857142857,406.1195954,0.322938878,2.679058162,215000,46,68.1384918529152
"773","S02001952",2013,4.857142857,406.1195954,0.322938878,2.679058162,205000,35,68.5616042600026
"774","S02001952",2014,4.857142857,406.1195954,0.322938878,2.679058162,240000,63,67.0747360079919
"775","S02001952",2015,4.857142857,406.1195954,0.322938878,2.679058162,221000,51,68.4002023591447
"776","S02001952",2016,4.857142857,406.1195954,0.322938878,2.679058162,255000,52,70.7764858646139
"777","S02001952",2017,4.857142857,406.1195954,0.322938878,2.679058162,275000,44,71.8025042850675
"778","S02001953",2011,10.42857143,510.4985788,0.351271854,2.781473309,161000,94,67.3245291219388
"779","S02001953",2012,10.42857143,510.4985788,0.351271854,2.781473309,150000,61,70.0309891757509
"780","S02001953",2013,10.42857143,510.4985788,0.351271854,2.781473309,151056,88,70.438290371375
"781","S02001953",2014,10.42857143,510.4985788,0.351271854,2.781473309,155550,86,70.1204883753702
"782","S02001953",2015,10.42857143,510.4985788,0.351271854,2.781473309,157000,86,72.661212607492
"783","S02001953",2016,10.42857143,510.4985788,0.351271854,2.781473309,166170,94,75.6392834999542
"784","S02001953",2017,10.42857143,510.4985788,0.351271854,2.781473309,176000,117,79.4207749446509
"785","S02001954",2011,9.4,263.4511865,0.321324339,4.894868998,125000,48,51.4945964928798
"786","S02001954",2012,9.4,263.4511865,0.321324339,4.894868998,101200,67,53.4633966054416
"787","S02001954",2013,9.4,263.4511865,0.321324339,4.894868998,124750,56,55.0771286424064
"788","S02001954",2014,9.4,263.4511865,0.321324339,4.894868998,135000,69,58.9698676346047
"789","S02001954",2015,9.4,263.4511865,0.321324339,4.894868998,132526,50,59.8099668575099
"790","S02001954",2016,9.4,263.4511865,0.321324339,4.894868998,150250,54,61.8039159693917
"791","S02001954",2017,9.4,263.4511865,0.321324339,4.894868998,140000,57,62.2445480661573
"792","S02001955",2011,15.75,277.2518632,0.31460397,2.065202633,135000,60,60.6202458470304
"793","S02001955",2012,15.75,277.2518632,0.31460397,2.065202633,122000,75,61.6025104727227
"794","S02001955",2013,15.75,277.2518632,0.31460397,2.065202633,125000,93,61.1032944151091
"795","S02001955",2014,15.75,277.2518632,0.31460397,2.065202633,135000,81,60.1955015085632
"796","S02001955",2015,15.75,277.2518632,0.31460397,2.065202633,138569,75,58.6603465096664
"797","S02001955",2016,15.75,277.2518632,0.31460397,2.065202633,135000,91,58.0488054479355
"798","S02001955",2017,15.75,277.2518632,0.31460397,2.065202633,139213,88,59.2736953567305
"799","S02001956",2011,3.333333333,93.59359362,0.164871562,2.179095311,218150,50,81.9365433151375
"800","S02001956",2012,3.333333333,93.59359362,0.164871562,2.179095311,185000,49,83.7067718611151
"801","S02001956",2013,3.333333333,93.59359362,0.164871562,2.179095311,231000,54,84.4239420496011
"802","S02001956",2014,3.333333333,93.59359362,0.164871562,2.179095311,198000,63,85.5345897968378
"803","S02001956",2015,3.333333333,93.59359362,0.164871562,2.179095311,226500,59,85.7868783726608
"804","S02001956",2016,3.333333333,93.59359362,0.164871562,2.179095311,228600,80,85.9992052592549
"805","S02001956",2017,3.333333333,93.59359362,0.164871562,2.179095311,276500,56,86.6612924366485
"806","S02001957",2011,3.4,202.7538792,0.217479118,4.57862706,275000,37,63.4247070550816
"807","S02001957",2012,3.4,202.7538792,0.217479118,4.57862706,280000,33,65.5787543278229
"808","S02001957",2013,3.4,202.7538792,0.217479118,4.57862706,251263,50,68.1254107364634
"809","S02001957",2014,3.4,202.7538792,0.217479118,4.57862706,240528,46,68.6967895509525
"810","S02001957",2015,3.4,202.7538792,0.217479118,4.57862706,273126,42,68.6850127314685
"811","S02001957",2016,3.4,202.7538792,0.217479118,4.57862706,299000,36,69.4098421457001
"812","S02001957",2017,3.4,202.7538792,0.217479118,4.57862706,312500,47,70.0393247671745
"813","S02001958",2011,5.571428571,264.477132,0.11171927,12.33787178,230000,68,101.463372094726
"814","S02001958",2012,5.571428571,264.477132,0.11171927,12.33787178,230000,82,100.042686436186
"815","S02001958",2013,5.571428571,264.477132,0.11171927,12.33787178,202500,106,102.62343907673
"816","S02001958",2014,5.571428571,264.477132,0.11171927,12.33787178,250000,110,104.46753779515
"817","S02001958",2015,5.571428571,264.477132,0.11171927,12.33787178,325000,62,104.407803878608
"818","S02001958",2016,5.571428571,264.477132,0.11171927,12.33787178,267559,57,103.949925039582
"819","S02001958",2017,5.571428571,264.477132,0.11171927,12.33787178,282389,74,104.047641213197
"820","S02001959",2011,7,145.0301685,0.12449639,11.30715393,176025,56,73.7809297789961
"821","S02001959",2012,7,145.0301685,0.12449639,11.30715393,175000,48,73.372122508467
"822","S02001959",2013,7,145.0301685,0.12449639,11.30715393,186625,58,74.9231537647207
"823","S02001959",2014,7,145.0301685,0.12449639,11.30715393,190000,61,74.5208492985663
"824","S02001959",2015,7,145.0301685,0.12449639,11.30715393,195000,64,73.478546246013
"825","S02001959",2016,7,145.0301685,0.12449639,11.30715393,207151,65,72.9814165983304
"826","S02001959",2017,7,145.0301685,0.12449639,11.30715393,214000,73,73.0802389296584
"827","S02001960",2011,6.333333333,147.6163672,0.083605484,9.333862927,230000,40,50.8749470474714
"828","S02001960",2012,6.333333333,147.6163672,0.083605484,9.333862927,184000,62,51.2193954552169
"829","S02001960",2013,6.333333333,147.6163672,0.083605484,9.333862927,193000,54,50.4299319753111
"830","S02001960",2014,6.333333333,147.6163672,0.083605484,9.333862927,230000,52,50.2461712020091
"831","S02001960",2015,6.333333333,147.6163672,0.083605484,9.333862927,193000,59,51.1256440546807
"832","S02001960",2016,6.333333333,147.6163672,0.083605484,9.333862927,162500,46,51.54296439992
"833","S02001960",2017,6.333333333,147.6163672,0.083605484,9.333862927,244025,51,52.337110076246
"834","S02001961",2011,24.75,463.2536419,0.284554366,2.110553691,82000,87,51.8195929767598
"835","S02001961",2012,24.75,463.2536419,0.284554366,2.110553691,73000,100,53.0557870912095
"836","S02001961",2013,24.75,463.2536419,0.284554366,2.110553691,65000,87,53.5131550434855
"837","S02001961",2014,24.75,463.2536419,0.284554366,2.110553691,80500,76,53.3467574563602
"838","S02001961",2015,24.75,463.2536419,0.284554366,2.110553691,78050,88,54.2739565329563
"839","S02001961",2016,24.75,463.2536419,0.284554366,2.110553691,81500,127,53.8881803165789
"840","S02001961",2017,24.75,463.2536419,0.284554366,2.110553691,85500,111,55.2367117195273
"841","S02001962",2011,12.8,357.4798531,0.161880087,4.162973002,236525,80,75.2021497760529
"842","S02001962",2012,12.8,357.4798531,0.161880087,4.162973002,153500,71,74.2274302434278
"843","S02001962",2013,12.8,357.4798531,0.161880087,4.162973002,235000,96,73.4157599572286
"844","S02001962",2014,12.8,357.4798531,0.161880087,4.162973002,235000,86,73.6173733117247
"845","S02001962",2015,12.8,357.4798531,0.161880087,4.162973002,131000,76,74.1000101276143
"846","S02001962",2016,12.8,357.4798531,0.161880087,4.162973002,126444,85,75.1286841133885
"847","S02001962",2017,12.8,357.4798531,0.161880087,4.162973002,138727,87,75.049623219809
"848","S02001963",2011,23,696.2843885,0.282906363,1.484800265,88000,96,55.3639588638975
"849","S02001963",2012,23,696.2843885,0.282906363,1.484800265,58750,92,52.220855744655
"850","S02001963",2013,23,696.2843885,0.282906363,1.484800265,68527,89,51.5380876856621
"851","S02001963",2014,23,696.2843885,0.282906363,1.484800265,77500,105,50.5790224653237
"852","S02001963",2015,23,696.2843885,0.282906363,1.484800265,75634,88,50.5474995344549
"853","S02001963",2016,23,696.2843885,0.282906363,1.484800265,81500,95,53.1568607162501
"854","S02001963",2017,23,696.2843885,0.282906363,1.484800265,91000,105,53.5256521149292
"855","S02001964",2011,18.83333333,445.1772602,0.266313394,7.107065545,90000,76,64.0179266702626
"856","S02001964",2012,18.83333333,445.1772602,0.266313394,7.107065545,70000,68,64.4010801788681
"857","S02001964",2013,18.83333333,445.1772602,0.266313394,7.107065545,70000,90,64.0739187281155
"858","S02001964",2014,18.83333333,445.1772602,0.266313394,7.107065545,74500,95,64.9126378870153
"859","S02001964",2015,18.83333333,445.1772602,0.266313394,7.107065545,76500,80,63.9093834227144
"860","S02001964",2016,18.83333333,445.1772602,0.266313394,7.107065545,75000,80,64.2426745462838
"861","S02001964",2017,18.83333333,445.1772602,0.266313394,7.107065545,82250,71,66.2999150934229
"862","S02001965",2011,15.25,312.9021896,0.212368547,9.071427185,106500,104,62.046798233098
"863","S02001965",2012,15.25,312.9021896,0.212368547,9.071427185,95500,132,61.8285906381765
"864","S02001965",2013,15.25,312.9021896,0.212368547,9.071427185,94000,140,62.2253555805945
"865","S02001965",2014,15.25,312.9021896,0.212368547,9.071427185,104551,96,62.483795961405
"866","S02001965",2015,15.25,312.9021896,0.212368547,9.071427185,120500,146,63.3385950562846
"867","S02001965",2016,15.25,312.9021896,0.212368547,9.071427185,110500,166,60.800125461261
"868","S02001965",2017,15.25,312.9021896,0.212368547,9.071427185,124000,133,62.1279807935797
"869","S02001966",2011,18.33333333,282.2015947,0.209259897,5.859334843,87000,76,47.891062854878
"870","S02001966",2012,18.33333333,282.2015947,0.209259897,5.859334843,107000,79,46.9850473197407
"871","S02001966",2013,18.33333333,282.2015947,0.209259897,5.859334843,90800,78,47.1373762123323
"872","S02001966",2014,18.33333333,282.2015947,0.209259897,5.859334843,94000,73,46.8100068211936
"873","S02001966",2015,18.33333333,282.2015947,0.209259897,5.859334843,98000,85,47.0591069481604
"874","S02001966",2016,18.33333333,282.2015947,0.209259897,5.859334843,105850,66,45.8405902775823
"875","S02001966",2017,18.33333333,282.2015947,0.209259897,5.859334843,109250,56,46.1149764738169
"876","S02001967",2011,23.2,403.1450133,0.20785918,7.554406577,109000,84,81.6627219288656
"877","S02001967",2012,23.2,403.1450133,0.20785918,7.554406577,95000,114,81.2480963019146
"878","S02001967",2013,23.2,403.1450133,0.20785918,7.554406577,89950,107,82.0839645170844
"879","S02001967",2014,23.2,403.1450133,0.20785918,7.554406577,112000,92,80.697449961345
"880","S02001967",2015,23.2,403.1450133,0.20785918,7.554406577,105000,106,79.2513200849721
"881","S02001967",2016,23.2,403.1450133,0.20785918,7.554406577,96000,91,76.9356133390387
"882","S02001967",2017,23.2,403.1450133,0.20785918,7.554406577,117200,105,76.1264890396781
"883","S02001968",2011,20,350.4108406,0.213064018,13.29462103,92000,89,74.2242859954125
"884","S02001968",2012,20,350.4108406,0.213064018,13.29462103,92000,104,73.5705144434906
"885","S02001968",2013,20,350.4108406,0.213064018,13.29462103,90500,101,71.0485318943254
"886","S02001968",2014,20,350.4108406,0.213064018,13.29462103,93000,128,71.2721903820758
"887","S02001968",2015,20,350.4108406,0.213064018,13.29462103,93500,97,67.0512399030935
"888","S02001968",2016,20,350.4108406,0.213064018,13.29462103,94000,101,65.1862240196798
"889","S02001968",2017,20,350.4108406,0.213064018,13.29462103,110529,94,62.696510035115
"890","S02001969",2011,18.2,336.3843156,0.214784362,10.17759083,138500,88,66.2985263202746
"891","S02001969",2012,18.2,336.3843156,0.214784362,10.17759083,138000,102,64.8785114865181
"892","S02001969",2013,18.2,336.3843156,0.214784362,10.17759083,125000,76,65.0523844393866
"893","S02001969",2014,18.2,336.3843156,0.214784362,10.17759083,137500,79,62.1043763464433
"894","S02001969",2015,18.2,336.3843156,0.214784362,10.17759083,117135,80,62.6833822596744
"895","S02001969",2016,18.2,336.3843156,0.214784362,10.17759083,137473,66,61.9466388884086
"896","S02001969",2017,18.2,336.3843156,0.214784362,10.17759083,168168,61,62.8455403344842
"897","S02001970",2011,8,235.2969814,0.186174925,12.22209156,157500,46,73.2576180849633
"898","S02001970",2012,8,235.2969814,0.186174925,12.22209156,129875,50,72.8226936097433
"899","S02001970",2013,8,235.2969814,0.186174925,12.22209156,130000,72,73.4977083990611
"900","S02001970",2014,8,235.2969814,0.186174925,12.22209156,118000,59,73.7106013574077
"901","S02001970",2015,8,235.2969814,0.186174925,12.22209156,128219,59,72.766665071342
"902","S02001970",2016,8,235.2969814,0.186174925,12.22209156,127500,62,72.3513178571622
"903","S02001970",2017,8,235.2969814,0.186174925,12.22209156,128000,83,73.2395119506505
"904","S02001971",2011,10.875,242.8948872,0.188202376,5.940802679,114000,127,109.045524238711
"905","S02001971",2012,10.875,242.8948872,0.188202376,5.940802679,116000,171,110.331030024665
"906","S02001971",2013,10.875,242.8948872,0.188202376,5.940802679,115000,148,109.503910052645
"907","S02001971",2014,10.875,242.8948872,0.188202376,5.940802679,115750,145,109.8926228031
"908","S02001971",2015,10.875,242.8948872,0.188202376,5.940802679,121000,154,110.402659932275
"909","S02001971",2016,10.875,242.8948872,0.188202376,5.940802679,122500,155,108.531181556051
"910","S02001971",2017,10.875,242.8948872,0.188202376,5.940802679,128650,151,106.559528081977
"911","S02001972",2011,20.14285714,325.8659258,0.223695471,17.84007076,100000,113,104.314997810668
"912","S02001972",2012,20.14285714,325.8659258,0.223695471,17.84007076,94000,133,104.084588503979
"913","S02001972",2013,20.14285714,325.8659258,0.223695471,17.84007076,97000,142,103.124921566079
"914","S02001972",2014,20.14285714,325.8659258,0.223695471,17.84007076,95000,137,100.382058626457
"915","S02001972",2015,20.14285714,325.8659258,0.223695471,17.84007076,90000,153,101.148468307188
"916","S02001972",2016,20.14285714,325.8659258,0.223695471,17.84007076,99000,157,99.1814549208737
"917","S02001972",2017,20.14285714,325.8659258,0.223695471,17.84007076,107000,172,98.3715380177108
"918","S02001973",2011,7.333333333,215.8005617,0.148669096,17.34869411,119250,73,55.3161132085811
"919","S02001973",2012,7.333333333,215.8005617,0.148669096,17.34869411,98250,67,54.7859338047756
"920","S02001973",2013,7.333333333,215.8005617,0.148669096,17.34869411,118763,41,53.0693513350607
"921","S02001973",2014,7.333333333,215.8005617,0.148669096,17.34869411,120025,58,52.5515595633658
"922","S02001973",2015,7.333333333,215.8005617,0.148669096,17.34869411,149998,53,52.0625470854889
"923","S02001973",2016,7.333333333,215.8005617,0.148669096,17.34869411,132000,54,51.6638443623348
"924","S02001973",2017,7.333333333,215.8005617,0.148669096,17.34869411,155555,52,51.4286636028824
"925","S02001974",2011,23.33333333,542.4894326,0.249116649,9.067780038,52250,59,47.8916282048594
"926","S02001974",2012,23.33333333,542.4894326,0.249116649,9.067780038,37750,71,48.2537386708626
"927","S02001974",2013,23.33333333,542.4894326,0.249116649,9.067780038,60004,65,48.8034797697731
"928","S02001974",2014,23.33333333,542.4894326,0.249116649,9.067780038,49998,80,49.6276074486155
"929","S02001974",2015,23.33333333,542.4894326,0.249116649,9.067780038,83500,80,49.5821918384687
"930","S02001974",2016,23.33333333,542.4894326,0.249116649,9.067780038,50000,74,50.9811714926749
"931","S02001974",2017,23.33333333,542.4894326,0.249116649,9.067780038,49995,90,50.6059875902427
"932","S02001975",2011,31.6,709.491118,0.295508174,13.09071696,86000,104,52.9537579235553
"933","S02001975",2012,31.6,709.491118,0.295508174,13.09071696,85000,103,53.2318525490038
"934","S02001975",2013,31.6,709.491118,0.295508174,13.09071696,74000,112,52.5296052789329
"935","S02001975",2014,31.6,709.491118,0.295508174,13.09071696,63000,102,53.1786691660664
"936","S02001975",2015,31.6,709.491118,0.295508174,13.09071696,65000,97,52.0654293315972
"937","S02001975",2016,31.6,709.491118,0.295508174,13.09071696,90000,138,51.5377389149223
"938","S02001975",2017,31.6,709.491118,0.295508174,13.09071696,75500,108,51.3162662190043
"939","S02001976",2011,29.25,748.0962557,0.289441652,7.362641697,57000,93,53.1846806611551
"940","S02001976",2012,29.25,748.0962557,0.289441652,7.362641697,81750,127,53.473054458873
"941","S02001976",2013,29.25,748.0962557,0.289441652,7.362641697,73250,124,53.3516676265008
"942","S02001976",2014,29.25,748.0962557,0.289441652,7.362641697,64000,124,52.8194925295238
"943","S02001976",2015,29.25,748.0962557,0.289441652,7.362641697,48500,108,51.2029702593426
"944","S02001976",2016,29.25,748.0962557,0.289441652,7.362641697,88000,135,52.9203330635578
"945","S02001976",2017,29.25,748.0962557,0.289441652,7.362641697,90000,89,52.8696060785348
"946","S02001977",2011,22,425.9152605,0.202823675,7.706471692,79000,111,50.4031204255064
"947","S02001977",2012,22,425.9152605,0.202823675,7.706471692,103375,110,51.3304996081083
"948","S02001977",2013,22,425.9152605,0.202823675,7.706471692,85750,153,51.0845148972542
"949","S02001977",2014,22,425.9152605,0.202823675,7.706471692,83000,111,51.6699467178002
"950","S02001977",2015,22,425.9152605,0.202823675,7.706471692,86500,116,51.3233189864747
"951","S02001977",2016,22,425.9152605,0.202823675,7.706471692,112000,87,52.1504526908868
"952","S02001977",2017,22,425.9152605,0.202823675,7.706471692,122500,98,52.4123727238913
