"x","y","year","PM10","NO2"
250500,672500,2012,10.16644,13.03513
250500,672500,2013,10.39226,10.99722
250500,672500,2014,10.01878,11.53008
250500,672500,2015,8.678531,10.80596
250500,672500,2016,9.208339,11.83103
250500,672500,2017,8.835773,10.04324
251500,672500,2012,9.987792,11.94428
251500,672500,2013,10.18194,10.03528
251500,672500,2014,9.799767,10.50109
251500,672500,2015,8.466485,9.806682
251500,672500,2016,9.0518,10.79025
251500,672500,2017,8.672402,8.924897
252500,672500,2012,10.07012,12.66977
252500,672500,2013,10.29448,10.78728
252500,672500,2014,9.900326,11.25781
252500,672500,2015,8.56001,10.42906
252500,672500,2016,9.17825,11.50884
252500,672500,2017,8.766478,9.436069
253500,672500,2012,10.38078,14.29335
253500,672500,2013,10.6777,12.38535
253500,672500,2014,10.28769,12.92716
253500,672500,2015,8.94531,11.85413
253500,672500,2016,9.519079,13.06148
253500,672500,2017,9.09234,10.89395
254500,672500,2012,10.38023,14.4478
254500,672500,2013,10.6863,12.53416
254500,672500,2014,10.26614,13.04393
254500,672500,2015,8.95327,12.02756
254500,672500,2016,9.554876,13.19853
254500,672500,2017,9.154591,11.17538
255500,672500,2012,10.24696,14.23739
255500,672500,2013,10.52822,12.25642
255500,672500,2014,10.11323,12.80599
255500,672500,2015,8.798006,11.86514
255500,672500,2016,9.387223,13.00323
255500,672500,2017,9.063048,11.07659
256500,672500,2012,10.3655,11.87202
256500,672500,2013,10.60366,10.17894
256500,672500,2014,10.10636,10.47648
256500,672500,2015,8.817584,9.687467
256500,672500,2016,9.494917,10.57982
256500,672500,2017,9.261961,9.153634
257500,672500,2012,10.57622,11.69745
257500,672500,2013,10.82491,10.11477
257500,672500,2014,10.31397,10.42091
257500,672500,2015,8.990411,9.616919
257500,672500,2016,9.677706,10.48054
257500,672500,2017,9.424489,8.969216
258500,672500,2012,10.82433,12.5614
258500,672500,2013,11.00968,11.34001
258500,672500,2014,10.5105,11.39988
258500,672500,2015,9.264539,9.900002
258500,672500,2016,9.976955,10.45621
258500,672500,2017,9.669244,8.760078
259500,672500,2012,10.31182,11.33394
259500,672500,2013,10.5432,9.895528
259500,672500,2014,10.03662,10.19845
259500,672500,2015,8.747272,9.51154
259500,672500,2016,9.488257,10.21721
259500,672500,2017,9.192321,8.55347
260500,672500,2012,10.33721,11.33791
260500,672500,2013,10.58944,9.928339
260500,672500,2014,10.09168,10.23368
260500,672500,2015,8.799709,9.466582
260500,672500,2016,9.522272,10.24891
260500,672500,2017,9.269047,8.565699
261500,672500,2012,10.29585,12.06559
261500,672500,2013,10.54751,10.54056
261500,672500,2014,10.02531,10.84403
261500,672500,2015,8.732366,9.970025
261500,672500,2016,9.421694,10.7669
261500,672500,2017,9.17553,9.016886
262500,672500,2012,11.76898,14.94074
262500,672500,2013,11.99976,12.89219
262500,672500,2014,11.43515,12.54861
262500,672500,2015,10.08546,11.60891
262500,672500,2016,10.64027,12.44605
262500,672500,2017,10.41256,10.71668
263500,672500,2012,10.97345,13.25261
263500,672500,2013,11.21368,11.48869
263500,672500,2014,10.64046,11.7048
263500,672500,2015,9.337642,10.72897
263500,672500,2016,9.958599,11.55531
263500,672500,2017,9.735116,9.879149
264500,672500,2012,10.77115,13.34802
264500,672500,2013,11.10482,11.8027
264500,672500,2014,10.5824,12.1537
264500,672500,2015,9.313916,11.04974
264500,672500,2016,9.99538,11.99478
264500,672500,2017,9.692963,9.946177
265500,672500,2012,10.31609,14.89349
265500,672500,2013,10.73147,13.19762
265500,672500,2014,10.29448,13.71834
265500,672500,2015,9.079776,12.54705
265500,672500,2016,9.602128,13.58158
265500,672500,2017,9.304258,11.19668
266500,672500,2012,10.078,14.27699
266500,672500,2013,10.46352,12.77271
266500,672500,2014,9.99115,13.30915
266500,672500,2015,8.957499,12.31378
266500,672500,2016,9.401062,13.17994
266500,672500,2017,9.152542,10.90842
267500,672500,2012,10.6605,13.46228
267500,672500,2013,11.06223,12.12966
267500,672500,2014,10.57711,12.75588
267500,672500,2015,9.387555,11.53029
267500,672500,2016,9.967505,12.37694
267500,672500,2017,9.7621,10.21099
268500,672500,2012,10.3085,12.75946
268500,672500,2013,10.79518,11.78416
268500,672500,2014,10.31106,12.45108
268500,672500,2015,9.057519,11.16461
268500,672500,2016,9.66074,12.00561
268500,672500,2017,9.479529,9.891323
269500,672500,2012,10.43283,11.5594
269500,672500,2013,10.92615,10.95771
269500,672500,2014,10.45786,11.52818
269500,672500,2015,9.165872,10.29168
269500,672500,2016,9.798286,11.34253
269500,672500,2017,9.599189,9.446524
250500,671500,2012,11.08379,15.74997
250500,671500,2013,11.33446,13.3815
250500,671500,2014,10.96026,13.79974
250500,671500,2015,9.536407,12.94479
250500,671500,2016,9.87981,14.0685
250500,671500,2017,9.468405,12.02451
251500,671500,2012,10.63058,13.89481
251500,671500,2013,10.87707,11.93815
251500,671500,2014,10.46172,12.12324
251500,671500,2015,9.120682,11.39725
251500,671500,2016,9.595281,12.39079
251500,671500,2017,9.237066,10.62094
252500,671500,2012,10.55318,13.75658
252500,671500,2013,10.7696,11.65802
252500,671500,2014,10.34041,12.00194
252500,671500,2015,9.033257,11.16939
252500,671500,2016,9.516554,12.20104
252500,671500,2017,9.135303,10.3006
253500,671500,2012,10.48666,14.24796
253500,671500,2013,10.7066,12.16193
253500,671500,2014,10.28121,12.504
253500,671500,2015,8.989724,11.61566
253500,671500,2016,9.544382,12.76229
253500,671500,2017,9.118662,10.56166
254500,671500,2012,10.74194,16.13801
254500,671500,2013,11.05284,14.01843
254500,671500,2014,10.65231,14.55576
254500,671500,2015,9.315187,13.4598
254500,671500,2016,9.821486,14.70077
254500,671500,2017,9.3886,12.42968
255500,671500,2012,10.55095,15.61974
255500,671500,2013,10.84294,13.44902
255500,671500,2014,10.42659,13.73823
255500,671500,2015,9.124515,12.82256
255500,671500,2016,9.706804,13.96446
255500,671500,2017,9.344982,12.00039
256500,671500,2012,10.39894,13.06069
256500,671500,2013,10.6127,11.09742
256500,671500,2014,10.12174,11.32272
256500,671500,2015,8.859425,10.683
256500,671500,2016,9.466984,11.61296
256500,671500,2017,9.191873,9.953653
257500,671500,2012,10.28646,11.75269
257500,671500,2013,10.50567,10.15446
257500,671500,2014,10.01455,10.42514
257500,671500,2015,8.744698,9.751566
257500,671500,2016,9.417418,10.54776
257500,671500,2017,9.163158,9.004729
258500,671500,2012,10.41732,12.05028
258500,671500,2013,10.65103,10.54096
258500,671500,2014,10.13153,11.76825
258500,671500,2015,9.128164,11.56866
258500,671500,2016,9.764009,12.16928
258500,671500,2017,9.35013,9.630419
259500,671500,2012,10.24708,12.4931
259500,671500,2013,10.46263,10.83413
259500,671500,2014,9.977577,11.1525
259500,671500,2015,8.701279,10.52923
259500,671500,2016,9.37824,11.23768
259500,671500,2017,9.119803,9.712657
260500,671500,2012,10.66681,13.61584
260500,671500,2013,10.93759,11.95378
260500,671500,2014,10.4359,12.19843
260500,671500,2015,9.1483,11.35476
260500,671500,2016,9.845464,12.19912
260500,671500,2017,9.559978,10.36861
261500,671500,2012,10.90722,15.78339
261500,671500,2013,11.22766,13.9189
261500,671500,2014,10.71988,14.29855
261500,671500,2015,9.397079,13.12235
261500,671500,2016,9.980399,14.0342
261500,671500,2017,9.707665,12.07121
262500,671500,2012,11.03756,16.61052
262500,671500,2013,11.31723,14.4407
262500,671500,2014,10.79499,14.33517
262500,671500,2015,9.457166,13.32115
262500,671500,2016,9.897703,13.96142
262500,671500,2017,9.66359,11.88556
263500,671500,2012,11.08811,15.05536
263500,671500,2013,11.36075,13.21269
263500,671500,2014,10.82635,13.67945
263500,671500,2015,9.534257,12.42654
263500,671500,2016,10.10772,13.14345
263500,671500,2017,9.891373,11.06012
264500,671500,2012,10.89895,15.16048
264500,671500,2013,11.22713,13.49349
264500,671500,2014,10.73426,14.06091
264500,671500,2015,9.412501,12.58129
264500,671500,2016,9.993849,13.42996
264500,671500,2017,9.721461,11.1384
265500,671500,2012,10.29368,15.70835
265500,671500,2013,10.68965,14.08985
265500,671500,2014,10.2663,14.66396
265500,671500,2015,8.927348,13.15715
265500,671500,2016,9.481303,14.18029
265500,671500,2017,9.195523,11.85198
266500,671500,2012,10.16685,13.59221
266500,671500,2013,10.58258,12.34946
266500,671500,2014,10.13096,12.73126
266500,671500,2015,8.91478,11.50254
266500,671500,2016,9.478843,12.58029
266500,671500,2017,9.230247,10.64268
267500,671500,2012,10.6357,12.61823
267500,671500,2013,11.17092,11.86743
267500,671500,2014,10.72887,12.39688
267500,671500,2015,9.44303,11.05717
267500,671500,2016,9.977318,12.124
267500,671500,2017,9.792585,10.29309
268500,671500,2012,10.31049,12.63632
268500,671500,2013,11.95708,14.21962
268500,671500,2014,11.63973,14.94028
268500,671500,2015,10.2205,13.50084
268500,671500,2016,10.57615,14.62097
268500,671500,2017,10.55632,13.24283
269500,671500,2012,10.17138,12.50645
269500,671500,2013,11.59903,14.13073
269500,671500,2014,11.28009,15.15848
269500,671500,2015,9.889278,13.21236
269500,671500,2016,10.2272,14.9652
269500,671500,2017,10.13279,12.70486
250500,670500,2012,10.97333,16.38288
250500,670500,2013,11.28597,14.07728
250500,670500,2014,10.8931,14.13175
250500,670500,2015,9.434005,13.42315
250500,670500,2016,9.751446,14.49965
250500,670500,2017,9.288254,12.43723
251500,670500,2012,11.16427,17.92346
251500,670500,2013,11.45983,15.50981
251500,670500,2014,11.02363,15.325
251500,670500,2015,9.528621,15.30212
251500,670500,2016,9.732298,16.23696
251500,670500,2017,9.298839,13.68408
252500,670500,2012,10.95938,15.94683
252500,670500,2013,11.23427,13.47904
252500,670500,2014,10.80938,14.30245
252500,670500,2015,9.455841,13.21113
252500,670500,2016,9.891291,14.35187
252500,670500,2017,9.506067,11.94545
253500,670500,2012,10.68994,15.40305
253500,670500,2013,10.95421,13.11574
253500,670500,2014,10.51924,13.5973
253500,670500,2015,9.228404,12.43587
253500,670500,2016,9.770094,13.55449
253500,670500,2017,9.354278,11.54431
254500,670500,2012,11.20103,18.04891
254500,670500,2013,11.43282,15.37868
254500,670500,2014,11.03432,16.0485
254500,670500,2015,9.659454,14.79646
254500,670500,2016,10.01325,16.04911
254500,670500,2017,9.571326,13.73748
255500,670500,2012,10.85522,16.66109
255500,670500,2013,11.15337,14.50749
255500,670500,2014,10.75757,14.58706
255500,670500,2015,9.391086,13.50477
255500,670500,2016,9.75356,14.57248
255500,670500,2017,9.440242,12.79002
256500,670500,2012,10.30558,14.15818
256500,670500,2013,10.52722,12.09848
256500,670500,2014,10.05525,12.2701
256500,670500,2015,8.817671,11.68274
256500,670500,2016,9.280788,12.54179
256500,670500,2017,9.029786,11.09044
257500,670500,2012,10.65191,13.70027
257500,670500,2013,10.87807,11.86019
257500,670500,2014,10.40063,12.0632
257500,670500,2015,9.160634,11.40869
257500,670500,2016,9.856215,12.25186
257500,670500,2017,9.608377,10.88217
258500,670500,2012,11.46736,14.70903
258500,670500,2013,11.72549,13.19632
258500,670500,2014,11.23467,13.30783
258500,670500,2015,9.952244,12.69881
258500,670500,2016,10.50218,13.23402
258500,670500,2017,10.56586,13.28466
259500,670500,2012,10.74632,14.28041
259500,670500,2013,10.95977,12.34258
259500,670500,2014,10.47112,12.58228
259500,670500,2015,9.182977,11.79328
259500,670500,2016,9.72445,12.52812
259500,670500,2017,9.499521,11.07846
260500,670500,2012,10.87365,16.40297
260500,670500,2013,11.19257,14.58144
260500,670500,2014,10.75073,14.82588
260500,670500,2015,9.413711,13.6441
260500,670500,2016,9.95733,14.47907
260500,670500,2017,9.659851,12.79465
261500,670500,2012,11.26943,18.56526
261500,670500,2013,11.6049,16.54118
261500,670500,2014,11.11325,16.9609
261500,670500,2015,9.780708,15.42737
261500,670500,2016,10.32263,16.27153
261500,670500,2017,10.01227,14.11546
262500,670500,2012,10.85415,16.92298
262500,670500,2013,11.13105,15.00992
262500,670500,2014,10.65068,15.3276
262500,670500,2015,9.410114,14.12212
262500,670500,2016,10.00822,15.0313
262500,670500,2017,9.716221,12.95707
263500,670500,2012,11.20716,14.67218
263500,670500,2013,11.42151,13.04607
263500,670500,2014,10.92356,13.26724
263500,670500,2015,9.648371,12.13258
263500,670500,2016,10.20161,13.10439
263500,670500,2017,9.988874,11.3568
264500,670500,2012,11.36868,13.55267
264500,670500,2013,11.61005,12.19628
264500,670500,2014,11.1229,12.43086
264500,670500,2015,9.840621,11.30274
264500,670500,2016,10.42941,12.30144
264500,670500,2017,10.1878,10.47105
265500,670500,2012,10.45089,13.61624
265500,670500,2013,10.84057,12.38178
265500,670500,2014,10.44809,12.7463
265500,670500,2015,9.144383,11.47517
265500,670500,2016,9.668077,12.5716
265500,670500,2017,9.42862,10.64951
266500,670500,2012,11.12865,13.99832
266500,670500,2013,11.84913,13.4073
266500,670500,2014,11.45941,14.1023
266500,670500,2015,10.06385,12.29033
266500,670500,2016,10.46346,13.46816
266500,670500,2017,10.27941,11.70581
267500,670500,2012,10.45486,13.40494
267500,670500,2013,12.23723,15.16883
267500,670500,2014,11.88811,16.21507
267500,670500,2015,10.42459,13.88919
267500,670500,2016,10.70239,15.19305
267500,670500,2017,10.7266,13.86813
268500,670500,2012,10.48792,13.30515
268500,670500,2013,11.09198,12.83356
268500,670500,2014,10.6856,13.44419
268500,670500,2015,9.337782,11.99005
268500,670500,2016,9.8353,13.22418
268500,670500,2017,9.61219,11.38868
269500,670500,2012,10.95932,15.34084
269500,670500,2013,11.51649,14.50857
269500,670500,2014,11.23146,15.30212
269500,670500,2015,10.05028,13.84814
269500,670500,2016,10.19931,15.28426
269500,670500,2017,9.37807,11.3995
250500,669500,2012,11.10597,16.03548
250500,669500,2013,11.48853,13.65152
250500,669500,2014,10.92663,14.15809
250500,669500,2015,9.424356,13.33947
250500,669500,2016,9.741055,14.53234
250500,669500,2017,9.237123,13.30606
251500,669500,2012,10.85048,15.21796
251500,669500,2013,11.17018,13.12933
251500,669500,2014,10.73509,13.46852
251500,669500,2015,9.307379,12.48625
251500,669500,2016,9.841857,13.64317
251500,669500,2017,9.339577,11.61914
252500,669500,2012,11.53231,15.91979
252500,669500,2013,11.85678,13.77249
252500,669500,2014,11.44372,14.19031
252500,669500,2015,10.08252,12.99399
252500,669500,2016,10.44225,14.06434
252500,669500,2017,9.970172,11.95344
253500,669500,2012,11.59366,17.73379
253500,669500,2013,11.98184,15.64296
253500,669500,2014,11.5404,16.00793
253500,669500,2015,10.13553,14.552
253500,669500,2016,10.38856,15.7153
253500,669500,2017,9.942166,13.60468
254500,669500,2012,11.66316,18.54314
254500,669500,2013,11.99379,16.42776
254500,669500,2014,11.55374,17.22187
254500,669500,2015,10.15259,15.88804
254500,669500,2016,10.2305,17.11767
254500,669500,2017,9.867642,14.51673
255500,669500,2012,11.00838,17.85908
255500,669500,2013,11.28579,15.59402
255500,669500,2014,10.8316,15.637
255500,669500,2015,9.451369,14.87236
255500,669500,2016,9.699408,15.81386
255500,669500,2017,9.430124,14.06194
256500,669500,2012,11.28018,17.4482
256500,669500,2013,11.57446,15.40096
256500,669500,2014,11.12555,15.60813
256500,669500,2015,9.857495,14.76616
256500,669500,2016,10.06874,15.71192
256500,669500,2017,9.798223,14.25488
257500,669500,2012,10.80149,16.13316
257500,669500,2013,11.10627,14.20741
257500,669500,2014,10.62084,14.36509
257500,669500,2015,9.372483,13.52478
257500,669500,2016,9.672635,14.39407
257500,669500,2017,9.456123,13.13291
258500,669500,2012,11.22734,17.74683
258500,669500,2013,11.64401,15.83856
258500,669500,2014,11.16757,15.97275
258500,669500,2015,9.792865,14.97011
258500,669500,2016,9.984833,15.69449
258500,669500,2017,9.833875,13.93781
259500,669500,2012,11.33638,16.96657
259500,669500,2013,11.67174,15.10224
259500,669500,2014,11.12213,15.31459
259500,669500,2015,9.80892,14.08941
259500,669500,2016,10.23133,14.93611
259500,669500,2017,9.984793,13.55481
260500,669500,2012,11.52336,20.33346
260500,669500,2013,11.93334,17.98039
260500,669500,2014,11.43584,18.8433
260500,669500,2015,10.06492,16.95254
260500,669500,2016,10.41136,17.81437
260500,669500,2017,10.04953,15.99263
261500,669500,2012,11.17071,17.71206
261500,669500,2013,11.53069,15.93568
261500,669500,2014,11.00956,15.93938
261500,669500,2015,9.711782,14.79387
261500,669500,2016,10.15907,15.8006
261500,669500,2017,9.815116,13.90615
262500,669500,2012,11.45759,17.85712
262500,669500,2013,11.82451,16.09839
262500,669500,2014,11.33702,16.15906
262500,669500,2015,10.05119,14.8596
262500,669500,2016,10.47068,15.99629
262500,669500,2017,10.12081,14.12523
263500,669500,2012,11.87301,15.26244
263500,669500,2013,11.64441,13.69597
263500,669500,2014,11.12093,13.85412
263500,669500,2015,9.848326,12.70489
263500,669500,2016,10.40325,13.7247
263500,669500,2017,10.18653,12.33379
264500,669500,2012,11.21547,14.92229
264500,669500,2013,11.45243,13.36499
264500,669500,2014,10.96123,13.74204
264500,669500,2015,9.670135,12.56249
264500,669500,2016,10.21796,13.63738
264500,669500,2017,9.975442,12.1005
265500,669500,2012,11.21563,16.45606
265500,669500,2013,11.8222,15.1458
265500,669500,2014,11.39615,16.00092
265500,669500,2015,10.02047,14.28086
265500,669500,2016,10.49558,15.58779
265500,669500,2017,10.33987,13.99724
266500,669500,2012,11.7289,17.37967
266500,669500,2013,13.27045,18.19979
266500,669500,2014,12.93954,19.66839
266500,669500,2015,11.18044,14.72968
266500,669500,2016,10.38156,16.17723
266500,669500,2017,10.14089,14.33833
267500,669500,2012,10.65617,14.76684
267500,669500,2013,11.17779,13.8813
267500,669500,2014,10.75538,14.46381
267500,669500,2015,9.375437,12.84614
267500,669500,2016,9.828541,14.17877
267500,669500,2017,9.58563,12.35304
268500,669500,2012,11.08037,15.9223
268500,669500,2013,11.53089,14.68009
268500,669500,2014,11.18598,15.24962
268500,669500,2015,9.867533,13.94797
268500,669500,2016,10.18486,15.40315
268500,669500,2017,9.884809,13.29506
269500,669500,2012,10.47777,14.05187
269500,669500,2013,10.85471,12.82635
269500,669500,2014,10.4298,13.45454
269500,669500,2015,9.123549,12.23226
269500,669500,2016,9.627851,13.64042
269500,669500,2017,9.323586,11.44547
250500,668500,2012,10.73064,14.68202
250500,668500,2013,11.00515,12.16484
250500,668500,2014,10.61807,12.65323
250500,668500,2015,9.097897,11.77588
250500,668500,2016,9.516449,12.80758
250500,668500,2017,8.999996,10.50594
251500,668500,2012,11.32007,16.85307
251500,668500,2013,11.75148,14.28339
251500,668500,2014,11.37644,14.8449
251500,668500,2015,9.816278,13.54389
251500,668500,2016,9.985003,14.60125
251500,668500,2017,9.519419,12.503
252500,668500,2012,11.77275,18.50939
252500,668500,2013,12.25261,15.9095
252500,668500,2014,11.98087,16.31595
252500,668500,2015,10.32623,14.93539
252500,668500,2016,10.23044,15.82681
252500,668500,2017,9.778589,13.91742
253500,668500,2012,11.78141,18.55027
253500,668500,2013,12.23898,15.89813
253500,668500,2014,11.80734,15.87562
253500,668500,2015,10.27262,14.75935
253500,668500,2016,10.28489,15.67702
253500,668500,2017,9.883279,13.77184
254500,668500,2012,12.01848,20.08433
254500,668500,2013,12.38481,17.91556
254500,668500,2014,11.94401,18.26
254500,668500,2015,10.4248,17.15726
254500,668500,2016,10.41762,18.29471
254500,668500,2017,10.02805,15.76768
255500,668500,2012,11.55702,20.24667
255500,668500,2013,11.96721,18.97593
255500,668500,2014,11.47588,17.96515
255500,668500,2015,10.09509,17.10877
255500,668500,2016,10.12566,18.15508
255500,668500,2017,9.833013,16.91795
256500,668500,2012,11.50528,18.46894
256500,668500,2013,11.87788,16.73144
256500,668500,2014,11.4026,16.50346
256500,668500,2015,10.31034,15.6803
256500,668500,2016,10.09586,16.49343
256500,668500,2017,9.847934,14.79746
257500,668500,2012,11.59275,18.86936
257500,668500,2013,12.03984,17.25464
257500,668500,2014,11.55258,17.05008
257500,668500,2015,10.23432,15.878
257500,668500,2016,10.06969,16.79206
257500,668500,2017,9.853189,14.97476
258500,668500,2012,11.86118,21.39225
258500,668500,2013,12.43802,19.57976
258500,668500,2014,11.8506,19.40598
258500,668500,2015,10.41801,17.85662
258500,668500,2016,10.21803,18.60551
258500,668500,2017,9.972284,17.57885
259500,668500,2012,11.8744,20.17365
259500,668500,2013,12.32153,18.2508
259500,668500,2014,11.62799,18.4782
259500,668500,2015,10.23175,17.01259
259500,668500,2016,10.32846,17.7269
259500,668500,2017,10.09267,16.28468
260500,668500,2012,11.87318,20.10541
260500,668500,2013,12.3042,18.45917
260500,668500,2014,11.77879,18.428
260500,668500,2015,10.36554,16.93543
260500,668500,2016,10.39941,17.78123
260500,668500,2017,10.14464,16.10771
261500,668500,2012,11.36485,18.12538
261500,668500,2013,11.78024,16.76019
261500,668500,2014,11.23717,16.32543
261500,668500,2015,9.841603,15.08222
261500,668500,2016,10.11173,15.97976
261500,668500,2017,9.833115,14.61966
262500,668500,2012,11.40686,17.40498
262500,668500,2013,11.76617,16.08959
262500,668500,2014,11.24437,15.8428
262500,668500,2015,9.874619,14.54056
262500,668500,2016,10.25773,15.55999
262500,668500,2017,9.968358,13.94254
263500,668500,2012,12.04327,19.23648
263500,668500,2013,12.42104,17.60223
263500,668500,2014,11.97298,18.1079
263500,668500,2015,10.57258,16.54268
263500,668500,2016,10.96286,17.73437
263500,668500,2017,10.74192,16.32644
264500,668500,2012,11.66155,18.48185
264500,668500,2013,12.21618,16.87264
264500,668500,2014,11.7642,17.57146
264500,668500,2015,10.42645,15.98637
264500,668500,2016,10.92609,17.17919
264500,668500,2017,10.7626,16.13728
265500,668500,2012,10.87595,16.6965
265500,668500,2013,11.26398,15.09367
265500,668500,2014,10.84825,15.64064
265500,668500,2015,9.47858,14.21825
265500,668500,2016,9.977679,15.53108
265500,668500,2017,9.721967,13.91611
266500,668500,2012,11.09814,16.15316
266500,668500,2013,11.52585,14.80463
266500,668500,2014,11.05894,15.30214
266500,668500,2015,9.697033,14.34244
266500,668500,2016,10.1858,15.62139
266500,668500,2017,9.919086,13.86072
267500,668500,2012,10.67359,14.3942
267500,668500,2013,10.92374,13.02165
267500,668500,2014,10.44204,13.38936
267500,668500,2015,9.142166,12.26116
267500,668500,2016,9.723547,13.5313
267500,668500,2017,9.470126,11.77897
268500,668500,2012,10.2349,13.6001
268500,668500,2013,10.4573,12.20135
268500,668500,2014,9.989809,12.58453
268500,668500,2015,8.718005,11.53039
268500,668500,2016,9.286144,12.79481
268500,668500,2017,9.006521,10.93455
269500,668500,2012,10.47828,14.05039
269500,668500,2013,10.73472,12.58086
269500,668500,2014,10.31022,13.15428
269500,668500,2015,9.031453,12.00539
269500,668500,2016,9.556226,13.29972
269500,668500,2017,9.257814,11.19824
250500,667500,2012,11.62235,18.27539
250500,667500,2013,11.91891,15.60064
250500,667500,2014,11.65301,16.10703
250500,667500,2015,10.02304,14.84101
250500,667500,2016,10.21566,15.94513
250500,667500,2017,9.680388,13.33518
251500,667500,2012,11.81652,18.49592
251500,667500,2013,12.36652,16.05323
251500,667500,2014,12.1014,16.66217
251500,667500,2015,10.31945,15.12297
251500,667500,2016,10.37345,16.25531
251500,667500,2017,9.85379,14.04796
252500,667500,2012,15.8682,27.06437
252500,667500,2013,17.39335,24.02407
252500,667500,2014,17.38296,23.76552
252500,667500,2015,14.06257,22.25355
252500,667500,2016,12.22717,22.08563
252500,667500,2017,11.64838,20.61427
253500,667500,2012,12.84126,22.08558
253500,667500,2013,13.38124,19.28184
253500,667500,2014,12.9037,19.54359
253500,667500,2015,11.19146,17.68407
253500,667500,2016,10.84726,18.58188
253500,667500,2017,10.53754,16.53702
254500,667500,2012,12.25845,21.64411
254500,667500,2013,12.6211,19.2629
254500,667500,2014,12.17409,19.66375
254500,667500,2015,10.59396,17.77767
254500,667500,2016,10.43604,18.96208
254500,667500,2017,10.05915,16.69887
255500,667500,2012,11.73862,20.52563
255500,667500,2013,12.14912,18.244
255500,667500,2014,11.69599,18.27356
255500,667500,2015,10.35894,16.70815
255500,667500,2016,10.13996,17.80051
255500,667500,2017,9.873425,16.0344
256500,667500,2012,12.09465,22.57203
256500,667500,2013,12.45426,20.26569
256500,667500,2014,12.00358,20.28735
256500,667500,2015,10.64527,18.71452
256500,667500,2016,10.26132,19.75504
256500,667500,2017,10.02096,17.48113
257500,667500,2012,12.22541,21.95159
257500,667500,2013,12.7018,20.25771
257500,667500,2014,12.22978,20.01634
257500,667500,2015,10.96854,18.54958
257500,667500,2016,10.39617,19.50459
257500,667500,2017,10.18289,17.52329
258500,667500,2012,12.05911,20.84235
258500,667500,2013,12.51348,19.83007
258500,667500,2014,11.98463,19.19027
258500,667500,2015,10.56368,17.7672
258500,667500,2016,10.265,18.6908
258500,667500,2017,10.05869,16.96198
259500,667500,2012,12.50001,22.53702
259500,667500,2013,13.03528,21.35338
259500,667500,2014,12.43319,20.90325
259500,667500,2015,10.85823,19.3811
259500,667500,2016,10.58922,19.98768
259500,667500,2017,10.37342,18.35825
260500,667500,2012,12.65725,23.38465
260500,667500,2013,13.11885,21.64409
260500,667500,2014,12.61716,21.0298
260500,667500,2015,11.1052,19.77581
260500,667500,2016,10.67234,20.39355
260500,667500,2017,10.46071,19.10863
261500,667500,2012,12.54214,22.06313
261500,667500,2013,13.06884,18.72266
261500,667500,2014,12.6011,20.37346
261500,667500,2015,11.04764,18.20554
261500,667500,2016,10.80321,18.48628
261500,667500,2017,10.50125,16.75967
262500,667500,2012,12.79939,21.40715
262500,667500,2013,13.1713,19.53417
262500,667500,2014,12.69811,19.8377
262500,667500,2015,11.25335,18.19827
262500,667500,2016,11.3563,19.23819
262500,667500,2017,11.13858,17.83163
263500,667500,2012,12.36979,21.41903
263500,667500,2013,12.72235,19.24924
263500,667500,2014,12.27357,19.67213
263500,667500,2015,10.85357,18.09761
263500,667500,2016,11.17103,19.28861
263500,667500,2017,10.936,18.04811
264500,667500,2012,11.0928,17.6335
264500,667500,2013,11.38937,15.72903
264500,667500,2014,10.88768,15.82598
264500,667500,2015,9.585105,14.66787
264500,667500,2016,10.00943,15.81229
264500,667500,2017,9.749001,14.44591
265500,667500,2012,10.86866,15.56457
265500,667500,2013,11.17289,13.91681
265500,667500,2014,10.68252,14.20992
265500,667500,2015,9.347991,12.8733
265500,667500,2016,9.946507,14.02115
265500,667500,2017,9.714978,12.51542
266500,667500,2012,10.60449,14.6145
266500,667500,2013,10.91156,13.12696
266500,667500,2014,10.43577,13.41962
266500,667500,2015,9.102612,11.98049
266500,667500,2016,9.644958,13.11839
266500,667500,2017,9.441542,11.57873
267500,667500,2012,10.71544,14.05666
267500,667500,2013,10.73991,12.60129
267500,667500,2014,10.23635,12.85544
267500,667500,2015,8.920407,11.5952
267500,667500,2016,9.522475,12.74562
267500,667500,2017,9.311988,11.12892
268500,667500,2012,11.0387,13.79154
268500,667500,2013,10.55829,12.27559
268500,667500,2014,10.04888,12.60269
268500,667500,2015,8.745361,11.36103
268500,667500,2016,9.362738,12.52784
268500,667500,2017,9.122079,10.70729
269500,667500,2012,11.77252,17.0902
269500,667500,2013,11.98317,15.13298
269500,667500,2014,11.58017,16.0285
269500,667500,2015,10.25927,14.59361
269500,667500,2016,10.72257,16.00547
269500,667500,2017,10.37633,13.62391
250500,666500,2012,11.89909,18.59444
250500,666500,2013,12.34879,16.45594
250500,666500,2014,12.03694,17.10196
250500,666500,2015,10.41052,15.8315
250500,666500,2016,10.6488,17.09462
250500,666500,2017,10.03909,13.92327
251500,666500,2012,13.48659,23.32381
251500,666500,2013,14.19823,21.18786
251500,666500,2014,14.05281,22.42559
251500,666500,2015,12.13208,20.3476
251500,666500,2016,12.05738,21.74189
251500,666500,2017,11.3406,18.36917
252500,666500,2012,13.31562,22.98855
252500,666500,2013,13.97514,20.66261
252500,666500,2014,13.57734,20.36194
252500,666500,2015,11.62319,18.71327
252500,666500,2016,11.26243,19.77618
252500,666500,2017,10.87294,17.73492
253500,666500,2012,12.3773,21.52406
253500,666500,2013,12.87534,18.83591
253500,666500,2014,12.34366,18.41932
253500,666500,2015,10.68852,17.4122
253500,666500,2016,10.49844,18.21095
253500,666500,2017,10.17708,15.79735
254500,666500,2012,12.83317,23.29803
254500,666500,2013,13.17379,20.44739
254500,666500,2014,12.78574,21.26065
254500,666500,2015,11.19777,19.57255
254500,666500,2016,10.73503,20.70781
254500,666500,2017,10.42067,18.30643
255500,666500,2012,12.66577,24.79421
255500,666500,2013,13.17008,22.09536
255500,666500,2014,12.78457,23.02689
255500,666500,2015,11.32399,20.89556
255500,666500,2016,10.69954,22.02779
255500,666500,2017,10.45221,17.87387
256500,666500,2012,12.10676,23.85368
256500,666500,2013,12.75032,22.48673
256500,666500,2014,12.1775,21.96107
256500,666500,2015,10.74427,20.63977
256500,666500,2016,10.25663,21.67176
256500,666500,2017,10.03584,19.61757
257500,666500,2012,12.86683,25.33948
257500,666500,2013,13.44192,23.47971
257500,666500,2014,12.95585,23.13871
257500,666500,2015,11.33049,21.14938
257500,666500,2016,10.68375,22.18528
257500,666500,2017,10.50327,19.86094
258500,666500,2012,15.10709,30.5116
258500,666500,2013,16.00529,31.66444
258500,666500,2014,15.40964,29.76651
258500,666500,2015,13.28823,26.71203
258500,666500,2016,12.29878,27.48459
258500,666500,2017,12.13599,25.96276
259500,666500,2012,15.04745,30.34809
259500,666500,2013,16.02204,33.70955
259500,666500,2014,15.31083,29.99547
259500,666500,2015,13.104,27.88225
259500,666500,2016,12.37244,28.41724
259500,666500,2017,12.10569,26.89564
260500,666500,2012,13.85671,26.42778
260500,666500,2013,14.44005,25.75687
260500,666500,2014,13.93046,24.78096
260500,666500,2015,12.03452,23.03906
260500,666500,2016,11.55248,23.95869
260500,666500,2017,11.21303,22.37102
261500,666500,2012,13.1575,23.51785
261500,666500,2013,13.38263,21.48255
261500,666500,2014,12.84867,21.26693
261500,666500,2015,11.27497,19.61411
261500,666500,2016,11.11901,20.5533
261500,666500,2017,10.83668,18.88588
262500,666500,2012,14.47585,28.52749
262500,666500,2013,14.90832,25.26045
262500,666500,2014,14.36166,25.32886
262500,666500,2015,12.73245,22.85555
262500,666500,2016,12.56467,24.0498
262500,666500,2017,12.24025,22.12615
263500,666500,2012,14.49087,26.80322
263500,666500,2013,14.40937,23.60039
263500,666500,2014,13.83707,23.01227
263500,666500,2015,12.3301,21.93555
263500,666500,2016,12.34323,22.99711
263500,666500,2017,12.0018,20.75206
264500,666500,2012,12.83815,22.45908
264500,666500,2013,12.71037,19.13197
264500,666500,2014,12.19398,19.39874
264500,666500,2015,10.7966,17.69557
264500,666500,2016,10.97628,18.95725
264500,666500,2017,10.66378,17.09916
265500,666500,2012,13.46831,23.26484
265500,666500,2013,13.76024,20.74444
265500,666500,2014,13.35328,21.72061
265500,666500,2015,11.33213,18.29569
265500,666500,2016,11.69832,19.65302
265500,666500,2017,11.44828,17.87984
266500,666500,2012,12.26556,19.89417
266500,666500,2013,12.44427,17.81425
266500,666500,2014,11.97604,18.47779
266500,666500,2015,10.20638,15.87924
266500,666500,2016,10.58964,17.18577
266500,666500,2017,10.41796,15.66825
267500,666500,2012,10.88776,15.59611
267500,666500,2013,11.1307,13.93706
267500,666500,2014,10.61892,14.21933
267500,666500,2015,9.299682,12.8233
267500,666500,2016,9.802504,14.03277
267500,666500,2017,9.595811,12.43678
268500,666500,2012,10.89196,14.83876
268500,666500,2013,11.1199,13.2717
268500,666500,2014,10.62406,13.70161
268500,666500,2015,9.32355,12.33295
268500,666500,2016,9.858549,13.55983
268500,666500,2017,9.609433,11.68894
269500,666500,2012,11.66126,16.48802
269500,666500,2013,11.9489,14.62894
269500,666500,2014,11.51078,15.37458
269500,666500,2015,10.14815,13.92555
269500,666500,2016,10.69469,15.23832
269500,666500,2017,10.39786,12.94814
250500,665500,2012,12.29902,18.94711
250500,665500,2013,12.83036,17.25522
250500,665500,2014,12.57322,18.3217
250500,665500,2015,10.99983,16.97767
250500,665500,2016,11.0956,18.4888
250500,665500,2017,10.41017,14.61542
251500,665500,2012,13.1042,21.36923
251500,665500,2013,13.96702,19.36867
251500,665500,2014,14.06065,18.24112
251500,665500,2015,11.94293,17.09774
251500,665500,2016,11.31067,18.17127
251500,665500,2017,11.05537,15.36068
252500,665500,2012,13.37446,24.72462
252500,665500,2013,14.13149,22.55668
252500,665500,2014,13.98611,21.10225
252500,665500,2015,11.93029,19.674
252500,665500,2016,11.39336,20.81973
252500,665500,2017,11.2589,18.09358
253500,665500,2012,13.2792,24.27817
253500,665500,2013,13.89271,22.28144
253500,665500,2014,13.44538,22.16019
253500,665500,2015,11.67168,22.15386
253500,665500,2016,11.51937,23.41641
253500,665500,2017,11.19466,20.23244
254500,665500,2012,12.27226,21.37891
254500,665500,2013,12.74965,18.87894
254500,665500,2014,12.26925,19.2705
254500,665500,2015,10.78968,18.00803
254500,665500,2016,10.74011,19.28949
254500,665500,2017,10.87779,17.36571
255500,665500,2012,12.16386,22.92378
255500,665500,2013,12.8195,21.31279
255500,665500,2014,12.3081,21.54353
255500,665500,2015,10.74994,19.46653
255500,665500,2016,10.59472,20.78142
255500,665500,2017,10.38133,16.96516
256500,665500,2012,13.15983,28.0056
256500,665500,2013,13.72639,25.39985
256500,665500,2014,13.31215,26.77697
256500,665500,2015,11.54523,23.63852
256500,665500,2016,11.11018,24.83692
256500,665500,2017,10.72497,18.47098
257500,665500,2012,15.37431,30.74525
257500,665500,2013,15.98934,29.75223
257500,665500,2014,15.61478,30.5207
257500,665500,2015,13.4012,27.29735
257500,665500,2016,12.54195,28.29642
257500,665500,2017,12.45685,25.28351
258500,665500,2012,14.67247,32.87994
258500,665500,2013,15.93628,37.88243
258500,665500,2014,15.20384,32.1683
258500,665500,2015,12.70432,31.34301
258500,665500,2016,11.73638,31.71115
258500,665500,2017,11.52777,30.04693
259500,665500,2012,12.66275,27.47983
259500,665500,2013,13.96496,32.87076
259500,665500,2014,13.00123,24.73507
259500,665500,2015,11.42911,24.83478
259500,665500,2016,10.5857,25.42956
259500,665500,2017,10.3272,24.2031
260500,665500,2012,14.75655,30.60321
260500,665500,2013,15.66562,29.22374
260500,665500,2014,15.09705,29.98623
260500,665500,2015,12.80429,26.8059
260500,665500,2016,12.08232,27.48627
260500,665500,2017,11.82618,25.0126
261500,665500,2012,14.53368,28.00184
261500,665500,2013,15.08657,26.5792
261500,665500,2014,14.53052,26.39907
261500,665500,2015,12.56686,24.10329
261500,665500,2016,11.88006,25.04445
261500,665500,2017,11.54943,21.93382
262500,665500,2012,12.04342,21.02439
262500,665500,2013,12.51049,19.50736
262500,665500,2014,11.92213,19.22246
262500,665500,2015,10.55995,17.82507
262500,665500,2016,10.60137,19.14316
262500,665500,2017,10.26689,16.65963
263500,665500,2012,11.63493,20.18287
263500,665500,2013,12.03241,18.27072
263500,665500,2014,11.48101,18.07113
263500,665500,2015,10.15015,16.55073
263500,665500,2016,10.321,17.94505
263500,665500,2017,9.979788,15.51146
264500,665500,2012,12.06285,20.24333
264500,665500,2013,12.26336,18.04267
264500,665500,2014,11.70496,17.98621
264500,665500,2015,10.38784,16.37555
264500,665500,2016,10.61902,17.72606
264500,665500,2017,10.27939,15.27403
265500,665500,2012,11.76105,20.63261
265500,665500,2013,12.2396,18.85961
265500,665500,2014,11.71257,18.27704
265500,665500,2015,10.25354,16.61593
265500,665500,2016,10.3774,17.74284
265500,665500,2017,10.20216,15.55944
266500,665500,2012,12.56069,21.05149
266500,665500,2013,12.96621,19.08308
266500,665500,2014,12.44388,19.55759
266500,665500,2015,10.74132,16.96081
266500,665500,2016,11.03048,18.32895
266500,665500,2017,10.80089,16.17524
267500,665500,2012,14.03138,21.93846
267500,665500,2013,14.27714,19.6528
267500,665500,2014,13.77058,20.29137
267500,665500,2015,12.26868,18.01994
267500,665500,2016,12.41269,19.39167
267500,665500,2017,12.14725,17.34003
268500,665500,2012,12.52011,19.42343
268500,665500,2013,12.78948,17.41086
268500,665500,2014,12.35756,18.21393
268500,665500,2015,10.9303,15.9138
268500,665500,2016,11.09177,17.25564
268500,665500,2017,10.78894,15.14986
269500,665500,2012,12.0879,17.90148
269500,665500,2013,12.41452,15.91019
269500,665500,2014,12.00157,16.80771
269500,665500,2015,10.60775,15.23513
269500,665500,2016,11.16399,16.57197
269500,665500,2017,10.85107,14.24356
250500,664500,2012,10.38478,14.65228
250500,664500,2013,10.91863,13.47794
250500,664500,2014,10.49536,13.54941
250500,664500,2015,9.283727,12.74731
250500,664500,2016,9.491393,14.14047
250500,664500,2017,8.918642,10.53215
251500,664500,2012,10.61435,15.13704
251500,664500,2013,11.21161,14.19912
251500,664500,2014,10.76799,14.14401
251500,664500,2015,9.348588,12.87474
251500,664500,2016,9.741381,14.40812
251500,664500,2017,9.170032,10.93259
252500,664500,2012,11.4114,17.65803
252500,664500,2013,11.99339,16.23923
252500,664500,2014,11.54351,16.43946
252500,664500,2015,10.08936,14.86862
252500,664500,2016,10.21763,16.54317
252500,664500,2017,9.726315,12.87188
253500,664500,2012,13.13809,22.95463
253500,664500,2013,13.87611,21.61651
253500,664500,2014,13.45777,22.5476
253500,664500,2015,11.80523,20.47036
253500,664500,2016,11.69762,22.22687
253500,664500,2017,11.28857,18.79186
254500,664500,2012,13.99923,24.72634
254500,664500,2013,15.00578,23.80433
254500,664500,2014,14.54429,24.80879
254500,664500,2015,12.51223,22.45521
254500,664500,2016,12.29688,24.01079
254500,664500,2017,12.02102,21.08166
255500,664500,2012,14.0214,25.02346
255500,664500,2013,15.18694,25.38023
255500,664500,2014,14.65998,26.89499
255500,664500,2015,12.84171,24.0758
255500,664500,2016,12.56635,25.70531
255500,664500,2017,12.17946,23.0678
256500,664500,2012,14.29553,27.16181
256500,664500,2013,15.19367,26.63003
256500,664500,2014,14.66205,27.83592
256500,664500,2015,12.86332,24.74387
256500,664500,2016,12.47083,26.36464
256500,664500,2017,12.03435,23.35907
257500,664500,2012,14.74378,30.09786
257500,664500,2013,15.75265,30.53716
257500,664500,2014,15.26247,31.88559
257500,664500,2015,13.3048,28.02677
257500,664500,2016,12.81002,29.38333
257500,664500,2017,12.38188,26.09063
258500,664500,2012,13.97052,29.75508
258500,664500,2013,15.66457,30.47549
258500,664500,2014,15.17704,30.26495
258500,664500,2015,13.1644,26.2713
258500,664500,2016,12.31552,27.48658
258500,664500,2017,11.76177,22.19278
259500,664500,2012,12.76774,25.49338
259500,664500,2013,13.87835,26.70765
259500,664500,2014,13.2228,24.83801
259500,664500,2015,11.67575,23.47997
259500,664500,2016,11.12295,24.58289
259500,664500,2017,10.69943,20.41183
260500,664500,2012,12.40205,22.97659
260500,664500,2013,13.34629,22.71713
260500,664500,2014,12.72059,21.88758
260500,664500,2015,11.25092,20.42768
260500,664500,2016,10.89931,21.73979
260500,664500,2017,10.42527,18.40681
261500,664500,2012,11.92895,20.33958
261500,664500,2013,12.87824,20.6775
261500,664500,2014,12.00591,19.9115
261500,664500,2015,10.58626,18.21158
261500,664500,2016,10.42092,19.57182
261500,664500,2017,9.994104,16.39898
262500,664500,2012,11.5685,18.47252
262500,664500,2013,12.2097,17.6362
262500,664500,2014,11.5335,17.14961
262500,664500,2015,10.16669,15.95278
262500,664500,2016,10.19723,17.21428
262500,664500,2017,9.878282,14.7241
263500,664500,2012,11.42788,18.69348
263500,664500,2013,12.0396,17.62282
263500,664500,2014,11.40377,17.39019
263500,664500,2015,10.0972,15.7337
263500,664500,2016,10.12201,16.99153
263500,664500,2017,9.804572,14.24681
264500,664500,2012,11.54146,18.1173
264500,664500,2013,12.0956,17.06019
264500,664500,2014,11.49041,16.581
264500,664500,2015,10.25006,15.21329
264500,664500,2016,10.36108,16.46261
264500,664500,2017,10.07656,14.07357
265500,664500,2012,10.96682,17.05952
265500,664500,2013,11.52542,15.8294
265500,664500,2014,10.95056,15.64005
265500,664500,2015,9.732769,14.29383
265500,664500,2016,10.20558,15.63631
265500,664500,2017,9.905568,13.29701
266500,664500,2012,11.25048,17.36135
266500,664500,2013,11.78343,15.95174
266500,664500,2014,11.21184,15.90936
266500,664500,2015,9.954106,14.37376
266500,664500,2016,10.43177,15.78489
266500,664500,2017,10.1053,13.23858
267500,664500,2012,11.58387,18.61019
267500,664500,2013,12.11333,16.79498
267500,664500,2014,11.57682,17.0676
267500,664500,2015,10.2541,15.73161
267500,664500,2016,10.8079,17.07256
267500,664500,2017,10.43542,13.95928
268500,664500,2012,12.64093,20.87546
268500,664500,2013,13.18289,19.23326
268500,664500,2014,12.7399,20.25021
268500,664500,2015,11.22005,17.81216
268500,664500,2016,11.17335,19.1737
268500,664500,2017,10.85715,16.09924
269500,664500,2012,13.43406,22.62222
269500,664500,2013,13.93329,20.34895
269500,664500,2014,13.55589,21.66817
269500,664500,2015,12.01097,19.51737
269500,664500,2016,12.20467,20.95807
269500,664500,2017,11.84988,18.03979
250500,663500,2012,10.19465,13.76851
250500,663500,2013,10.69773,12.6718
250500,663500,2014,10.21692,12.6255
250500,663500,2015,9.067627,12.0801
250500,663500,2016,9.446592,13.48622
250500,663500,2017,8.875925,9.895861
251500,663500,2012,10.36801,14.66886
251500,663500,2013,10.93081,13.64157
251500,663500,2014,10.44919,13.76801
251500,663500,2015,9.095973,12.79368
251500,663500,2016,9.675225,14.45817
251500,663500,2017,9.04889,10.61091
252500,663500,2012,10.92181,16.31782
252500,663500,2013,11.52777,15.45675
252500,663500,2014,11.03696,15.6391
252500,663500,2015,9.584772,14.18194
252500,663500,2016,10.00067,15.95952
252500,663500,2017,9.459995,12.3485
253500,663500,2012,11.2749,17.35707
253500,663500,2013,11.85757,16.71284
253500,663500,2014,11.31508,16.46264
253500,663500,2015,9.903757,15.16806
253500,663500,2016,10.11007,16.99262
253500,663500,2017,9.581081,13.11728
254500,663500,2012,11.01054,17.18981
254500,663500,2013,11.61862,16.48141
254500,663500,2014,11.07134,16.72235
254500,663500,2015,9.616773,15.05454
254500,663500,2016,9.975132,16.96292
254500,663500,2017,9.476221,13.24173
255500,663500,2012,11.88291,20.43675
255500,663500,2013,13.1878,21.18237
255500,663500,2014,12.70469,21.9662
255500,663500,2015,10.92448,19.16917
255500,663500,2016,10.87795,21.2423
255500,663500,2017,10.42331,17.65458
256500,663500,2012,11.22644,19.11222
256500,663500,2013,11.92826,18.75315
256500,663500,2014,11.3705,18.70173
256500,663500,2015,9.895319,17.42404
256500,663500,2016,10.25527,19.42006
256500,663500,2017,9.77425,15.65206
257500,663500,2012,11.33606,19.18325
257500,663500,2013,12.07458,19.10229
257500,663500,2014,11.46098,18.54419
257500,663500,2015,10.12645,16.9427
257500,663500,2016,10.03614,18.73049
257500,663500,2017,9.575308,14.66841
258500,663500,2012,12.36521,22.3972
258500,663500,2013,13.92457,23.52015
258500,663500,2014,13.32089,22.66391
258500,663500,2015,11.82737,20.25872
258500,663500,2016,11.56862,21.80358
258500,663500,2017,11.17652,17.96919
259500,663500,2012,12.62548,22.47099
259500,663500,2013,14.02716,23.38655
259500,663500,2014,13.32034,22.60909
259500,663500,2015,11.87409,20.95905
259500,663500,2016,11.4459,21.96529
259500,663500,2017,11.07936,18.32148
260500,663500,2012,11.58396,19.1037
260500,663500,2013,12.75225,20.01976
260500,663500,2014,12.05026,19.07826
260500,663500,2015,10.54975,17.04622
260500,663500,2016,10.45768,18.35037
260500,663500,2017,10.13684,15.44489
261500,663500,2012,11.82205,20.10507
261500,663500,2013,13.00087,21.22559
261500,663500,2014,12.26816,20.6808
261500,663500,2015,10.66042,18.28731
261500,663500,2016,10.47406,19.52656
261500,663500,2017,10.15795,17.28885
262500,663500,2012,11.40525,17.81454
262500,663500,2013,12.10878,16.97188
262500,663500,2014,11.42992,16.70156
262500,663500,2015,10.04849,15.13558
262500,663500,2016,10.24052,16.31484
262500,663500,2017,9.917136,13.78844
263500,663500,2012,11.74169,20.01468
263500,663500,2013,12.47762,18.99326
263500,663500,2014,11.8272,18.09446
263500,663500,2015,10.46953,17.08319
263500,663500,2016,10.50408,17.77364
263500,663500,2017,10.08641,14.65733
264500,663500,2012,11.14679,17.84217
264500,663500,2013,11.89314,16.94885
264500,663500,2014,11.21924,16.75774
264500,663500,2015,10.03296,15.40478
264500,663500,2016,10.37677,16.53328
264500,663500,2017,9.992082,14.07331
265500,663500,2012,10.95345,17.05689
265500,663500,2013,11.63164,16.03673
265500,663500,2014,11.06227,16.0209
265500,663500,2015,9.937708,14.67207
265500,663500,2016,10.3686,15.87784
265500,663500,2017,10.02969,13.50337
266500,663500,2012,11.13314,17.62645
266500,663500,2013,11.79622,16.49048
266500,663500,2014,11.26623,16.66793
266500,663500,2015,10.00037,15.20577
266500,663500,2016,10.60024,16.4663
266500,663500,2017,10.1976,13.77401
267500,663500,2012,11.3872,18.07072
267500,663500,2013,12.03619,17.20104
267500,663500,2014,11.54752,17.68332
267500,663500,2015,10.23802,16.58532
267500,663500,2016,10.92473,17.78179
267500,663500,2017,10.49503,14.14816
268500,663500,2012,11.31445,17.62236
268500,663500,2013,11.92514,17.69063
268500,663500,2014,11.46176,17.45531
268500,663500,2015,10.10513,16.67758
268500,663500,2016,10.53402,17.81279
268500,663500,2017,10.19327,13.99793
269500,663500,2012,13.23741,22.38812
269500,663500,2013,13.84767,20.50164
269500,663500,2014,13.42781,21.81174
269500,663500,2015,11.74211,18.79641
269500,663500,2016,12.03242,20.16371
269500,663500,2017,11.69673,17.34284
250500,662500,2012,9.83549,11.73538
250500,662500,2013,10.33016,11.31249
250500,662500,2014,9.789347,11.14476
250500,662500,2015,8.526527,10.76517
250500,662500,2016,9.173325,12.3043
250500,662500,2017,8.605649,8.47152
251500,662500,2012,9.776387,11.26189
251500,662500,2013,10.33055,10.91483
251500,662500,2014,9.762146,10.90907
251500,662500,2015,8.419132,9.890551
251500,662500,2016,9.167389,11.44642
251500,662500,2017,8.638776,8.142836
252500,662500,2012,10.48248,14.02402
252500,662500,2013,11.0802,13.65104
252500,662500,2014,10.54312,13.55856
252500,662500,2015,9.115395,12.22511
252500,662500,2016,9.710555,13.9914
252500,662500,2017,9.160183,10.28857
253500,662500,2012,11.02213,14.89899
253500,662500,2013,11.54422,14.17347
253500,662500,2014,11.0106,14.37862
253500,662500,2015,9.584229,13.00008
253500,662500,2016,10.1208,14.80485
253500,662500,2017,9.603651,11.22567
254500,662500,2012,11.85954,18.42307
254500,662500,2013,12.42358,17.4806
254500,662500,2014,11.92603,18.27591
254500,662500,2015,10.27562,16.92623
254500,662500,2016,10.66967,18.92649
254500,662500,2017,10.21081,15.53404
255500,662500,2012,10.12859,14.32745
255500,662500,2013,10.66482,13.67537
255500,662500,2014,10.0906,13.60604
255500,662500,2015,8.684875,12.45861
255500,662500,2016,9.255584,14.28105
255500,662500,2017,8.784053,10.90349
256500,662500,2012,10.6816,16.76535
256500,662500,2013,11.27671,15.99716
256500,662500,2014,10.71708,15.67712
256500,662500,2015,9.308455,14.30308
256500,662500,2016,9.710636,16.08281
256500,662500,2017,9.191699,12.40192
257500,662500,2012,11.44995,19.58328
257500,662500,2013,12.12087,19.31522
257500,662500,2014,11.46955,18.12821
257500,662500,2015,10.12223,16.67327
257500,662500,2016,10.08283,18.30284
257500,662500,2017,9.623415,14.70519
258500,662500,2012,11.59698,19.40783
258500,662500,2013,12.37171,19.53151
258500,662500,2014,11.70002,18.18564
258500,662500,2015,10.53804,16.76839
258500,662500,2016,10.16535,18.28404
258500,662500,2017,9.770702,14.71893
259500,662500,2012,11.76694,19.2045
259500,662500,2013,13.62981,21.67854
259500,662500,2014,13.03583,21.34475
259500,662500,2015,11.66023,19.31588
259500,662500,2016,11.46329,20.73696
259500,662500,2017,11.06787,17.90374
260500,662500,2012,12.04039,17.6149
260500,662500,2013,13.84662,19.80373
260500,662500,2014,13.16181,19.44419
260500,662500,2015,11.62604,17.29433
260500,662500,2016,11.67519,18.62446
260500,662500,2017,11.37494,15.62128
261500,662500,2012,11.41547,17.61208
261500,662500,2013,12.37902,18.42876
261500,662500,2014,11.84792,18.4768
261500,662500,2015,10.54079,16.9691
261500,662500,2016,10.49121,18.25118
261500,662500,2017,10.20506,14.73975
262500,662500,2012,11.26426,16.91407
262500,662500,2013,12.25004,16.6596
262500,662500,2014,11.16547,16.5265
262500,662500,2015,9.877719,15.7867
262500,662500,2016,10.11072,16.87936
262500,662500,2017,9.741623,13.04503
263500,662500,2012,10.74744,15.84778
263500,662500,2013,12.38808,17.2068
263500,662500,2014,11.78829,18.43488
263500,662500,2015,10.44651,16.64624
263500,662500,2016,10.76067,17.36827
263500,662500,2017,10.41037,13.98442
264500,662500,2012,11.82068,19.0966
264500,662500,2013,13.70395,20.25617
264500,662500,2014,13.20741,20.45406
264500,662500,2015,12.03045,18.19139
264500,662500,2016,12.28239,19.36081
264500,662500,2017,11.87589,16.81234
265500,662500,2012,11.59417,18.42949
265500,662500,2013,13.2251,18.86916
265500,662500,2014,12.70164,19.48193
265500,662500,2015,11.56441,18.04343
265500,662500,2016,11.93425,19.15984
265500,662500,2017,11.61176,16.29741
266500,662500,2012,12.28589,19.29224
266500,662500,2013,13.66364,19.42563
266500,662500,2014,13.13838,19.78369
266500,662500,2015,11.74556,18.25219
266500,662500,2016,12.12126,19.15656
266500,662500,2017,11.81895,16.06672
267500,662500,2012,12.23697,21.59142
267500,662500,2013,13.64887,19.97889
267500,662500,2014,13.1675,21.3413
267500,662500,2015,11.64026,20.83581
267500,662500,2016,12.04761,21.63011
267500,662500,2017,12.13493,18.01105
268500,662500,2012,13.27658,23.39025
268500,662500,2013,13.9717,21.95286
268500,662500,2014,13.59542,23.58862
268500,662500,2015,11.91067,20.76405
268500,662500,2016,12.16628,22.34513
268500,662500,2017,11.74187,18.99908
269500,662500,2012,11.19604,17.69499
269500,662500,2013,11.77761,16.07955
269500,662500,2014,11.39243,16.55813
269500,662500,2015,9.997709,14.91813
269500,662500,2016,10.29101,16.46374
269500,662500,2017,9.91439,13.50152
250500,661500,2012,9.676919,11.27497
250500,661500,2013,10.15547,10.81339
250500,661500,2014,9.601065,10.86319
250500,661500,2015,8.256781,9.971756
250500,661500,2016,8.935817,11.53178
250500,661500,2017,8.38413,8.053891
251500,661500,2012,9.766111,11.54673
251500,661500,2013,10.26085,11.05663
251500,661500,2014,9.676995,11.21761
251500,661500,2015,8.314827,10.07574
251500,661500,2016,9.040814,11.62941
251500,661500,2017,8.521376,8.427548
252500,661500,2012,10.40992,14.05621
252500,661500,2013,10.91591,13.33296
252500,661500,2014,10.36891,13.58025
252500,661500,2015,8.963569,12.10988
252500,661500,2016,9.576773,13.8519
252500,661500,2017,9.02435,10.39537
253500,661500,2012,11.67693,17.79169
253500,661500,2013,12.24853,17.34836
253500,661500,2014,11.75447,17.64772
253500,661500,2015,10.11571,16.26361
253500,661500,2016,10.53554,18.23581
253500,661500,2017,10.05257,14.70044
254500,661500,2012,10.11737,13.82538
254500,661500,2013,10.56377,12.81063
254500,661500,2014,9.975253,12.70767
254500,661500,2015,8.589334,11.7185
254500,661500,2016,9.19897,13.38463
254500,661500,2017,8.74837,10.33252
255500,661500,2012,10.17384,13.97149
255500,661500,2013,10.67206,13.00397
255500,661500,2014,10.07853,12.80065
255500,661500,2015,8.693986,11.77092
255500,661500,2016,9.277966,13.41324
255500,661500,2017,8.796332,10.08626
256500,661500,2012,11.05725,16.69755
256500,661500,2013,11.51405,16.14594
256500,661500,2014,10.94479,15.32181
256500,661500,2015,9.629323,14.24906
256500,661500,2016,9.866932,15.86118
256500,661500,2017,9.353419,12.27632
257500,661500,2012,11.08959,17.52381
257500,661500,2013,11.6326,17.00698
257500,661500,2014,11.04305,15.98631
257500,661500,2015,9.844722,14.87623
257500,661500,2016,9.876551,16.45388
257500,661500,2017,9.398649,12.86425
258500,661500,2012,11.41927,19.67627
258500,661500,2013,12.06673,19.34376
258500,661500,2014,11.4225,17.28485
258500,661500,2015,10.18763,16.69974
258500,661500,2016,10.06012,18.13733
258500,661500,2017,9.6102,13.99454
259500,661500,2012,11.5068,17.52265
259500,661500,2013,12.09429,16.83684
259500,661500,2014,11.50332,16.46179
259500,661500,2015,10.30411,15.32649
259500,661500,2016,10.40049,16.89134
259500,661500,2017,9.969848,13.5824
260500,661500,2012,11.02256,16.32652
260500,661500,2013,11.73156,15.81579
260500,661500,2014,11.14946,15.67729
260500,661500,2015,10.03663,14.40901
260500,661500,2016,10.15806,15.89427
260500,661500,2017,9.748129,12.67918
261500,661500,2012,11.28976,17.71524
261500,661500,2013,12.5934,18.26706
261500,661500,2014,12.0665,18.6072
261500,661500,2015,10.77251,16.95741
261500,661500,2016,10.87698,18.3892
261500,661500,2017,10.46772,15.04526
262500,661500,2012,11.24386,17.82874
262500,661500,2013,12.79208,18.65681
262500,661500,2014,12.35841,20.25657
262500,661500,2015,11.0251,18.1952
262500,661500,2016,11.18554,19.54348
262500,661500,2017,10.81311,15.54426
263500,661500,2012,10.81187,16.85253
263500,661500,2013,11.4774,16.28263
263500,661500,2014,10.93588,15.82032
263500,661500,2015,9.750146,14.36399
263500,661500,2016,10.14546,15.62794
263500,661500,2017,9.759799,12.47493
264500,661500,2012,11.04065,18.89658
264500,661500,2013,11.7012,16.91937
264500,661500,2014,11.17937,17.03238
264500,661500,2015,11.60445,14.77734
264500,661500,2016,12.14047,16.03953
264500,661500,2017,11.59945,14.36975
265500,661500,2012,11.06175,18.04486
265500,661500,2013,11.73207,17.46099
265500,661500,2014,11.14096,16.4871
265500,661500,2015,10.00752,15.22089
265500,661500,2016,10.49027,16.83985
265500,661500,2017,9.964436,12.91225
266500,661500,2012,10.13251,13.5049
266500,661500,2013,10.68189,12.78708
266500,661500,2014,10.10179,12.64248
266500,661500,2015,8.929525,11.74622
266500,661500,2016,9.624558,12.99837
266500,661500,2017,9.299107,9.998939
267500,661500,2012,10.1777,13.43923
267500,661500,2013,10.71965,12.76057
267500,661500,2014,10.20643,12.85985
267500,661500,2015,8.923705,11.77322
267500,661500,2016,9.606992,13.13003
267500,661500,2017,9.281231,9.835012
268500,661500,2012,11.93373,18.89042
268500,661500,2013,13.23359,18.30695
268500,661500,2014,12.98593,19.22808
268500,661500,2015,11.48324,17.03218
268500,661500,2016,11.68144,18.659
268500,661500,2017,11.27969,14.92786
269500,661500,2012,13.70726,24.05644
269500,661500,2013,14.37721,21.81796
269500,661500,2014,14.10949,22.80765
269500,661500,2015,12.38605,19.75797
269500,661500,2016,12.36038,21.32629
269500,661500,2017,11.92745,18.0004
250500,660500,2012,9.625426,10.32073
250500,660500,2013,10.03233,9.717808
250500,660500,2014,9.45209,9.885908
250500,660500,2015,8.117329,9.000248
250500,660500,2016,8.869674,10.45506
250500,660500,2017,8.346349,7.14668
251500,660500,2012,9.835406,11.91033
251500,660500,2013,10.32001,11.29556
251500,660500,2014,9.760351,11.60281
251500,660500,2015,8.368962,10.455
251500,660500,2016,9.062836,12.00599
251500,660500,2017,8.557907,8.858312
252500,660500,2012,10.38381,13.45185
252500,660500,2013,10.82097,12.63901
252500,660500,2014,10.27229,13.06287
252500,660500,2015,8.869329,11.83394
252500,660500,2016,9.517244,13.541
252500,660500,2017,8.983843,10.17064
253500,660500,2012,11.5981,16.46288
253500,660500,2013,12.14504,15.39613
253500,660500,2014,11.65335,16.29861
253500,660500,2015,10.1503,14.74912
253500,660500,2016,10.68433,16.65126
253500,660500,2017,10.23401,13.43819
254500,660500,2012,10.29824,13.45172
254500,660500,2013,10.72521,12.42683
254500,660500,2014,10.1754,12.46556
254500,660500,2015,8.820197,11.595
254500,660500,2016,9.374487,13.10731
254500,660500,2017,8.882123,10.31378
255500,660500,2012,10.71002,15.34716
255500,660500,2013,11.23096,14.18259
255500,660500,2014,10.70019,14.12958
255500,660500,2015,9.332602,13.05318
255500,660500,2016,9.751586,14.62311
255500,660500,2017,9.233545,11.38454
256500,660500,2012,10.98448,16.54394
256500,660500,2013,11.40482,15.29642
256500,660500,2014,10.87027,15.20658
256500,660500,2015,9.556135,13.84811
256500,660500,2016,10.04795,15.52845
256500,660500,2017,9.501657,12.20045
257500,660500,2012,10.68075,16.01116
257500,660500,2013,11.23938,15.12577
257500,660500,2014,10.66135,14.79923
257500,660500,2015,9.383022,13.57084
257500,660500,2016,9.858567,15.22919
257500,660500,2017,9.3282,11.86665
258500,660500,2012,11.06013,18.61792
258500,660500,2013,11.64001,17.00794
258500,660500,2014,11.00417,17.19739
258500,660500,2015,9.708241,15.86347
258500,660500,2016,9.894989,17.30447
258500,660500,2017,9.3943,13.49735
259500,660500,2012,10.71015,15.99441
259500,660500,2013,11.22037,14.90902
259500,660500,2014,10.60754,14.64502
259500,660500,2015,9.367485,13.49582
259500,660500,2016,9.770153,15.08457
259500,660500,2017,9.288025,11.96603
260500,660500,2012,10.74044,14.85538
260500,660500,2013,11.29371,13.98312
260500,660500,2014,10.69764,13.81358
260500,660500,2015,9.521588,12.62573
260500,660500,2016,9.883822,14.22941
260500,660500,2017,9.430002,11.06951
261500,660500,2012,10.85184,15.63588
261500,660500,2013,11.47194,14.9114
261500,660500,2014,10.90315,14.94605
261500,660500,2015,9.609612,13.43933
261500,660500,2016,10.10681,15.09417
261500,660500,2017,9.640356,11.81878
262500,660500,2012,10.76278,15.76343
262500,660500,2013,11.348,15.0604
262500,660500,2014,10.78278,15.03575
262500,660500,2015,9.535777,13.69608
262500,660500,2016,10.09001,15.29647
262500,660500,2017,9.639455,12.05407
263500,660500,2012,10.78571,15.97589
263500,660500,2013,11.33421,15.01851
263500,660500,2014,10.71165,15.4489
263500,660500,2015,9.568048,14.01172
263500,660500,2016,10.10618,15.45731
263500,660500,2017,9.701774,11.92045
264500,660500,2012,10.83725,15.98932
264500,660500,2013,11.42268,15.69753
264500,660500,2014,10.80549,14.99093
264500,660500,2015,9.674204,13.85009
264500,660500,2016,10.21219,15.12313
264500,660500,2017,9.812261,11.98892
265500,660500,2012,10.33025,14.15479
265500,660500,2013,10.93714,13.28602
265500,660500,2014,10.37936,13.0711
265500,660500,2015,9.282864,12.17857
265500,660500,2016,9.943205,13.40559
265500,660500,2017,9.570868,10.41001
266500,660500,2012,10.14351,13.31464
266500,660500,2013,10.66303,12.37664
266500,660500,2014,10.12552,12.41424
266500,660500,2015,8.966765,11.47282
266500,660500,2016,9.6859,12.67376
266500,660500,2017,9.348742,9.5811
267500,660500,2012,9.907656,13.08737
267500,660500,2013,10.38309,12.0933
267500,660500,2014,9.909744,12.19146
267500,660500,2015,8.620261,11.06544
267500,660500,2016,9.301999,12.30279
267500,660500,2017,8.976657,9.02664
268500,660500,2012,10.76441,15.09662
268500,660500,2013,11.3333,13.74414
268500,660500,2014,11.55743,13.59477
268500,660500,2015,9.867556,12.17659
268500,660500,2016,9.974379,13.6162
268500,660500,2017,9.749507,9.787448
269500,660500,2012,11.57668,20.48414
269500,660500,2013,12.173,18.47343
269500,660500,2014,11.74361,17.23596
269500,660500,2015,10.25878,15.81961
269500,660500,2016,10.34078,16.85682
269500,660500,2017,9.944023,12.86966
250500,659500,2012,10.28145,12.53869
250500,659500,2013,10.71405,11.51701
250500,659500,2014,10.17507,11.8385
250500,659500,2015,8.805945,10.59416
250500,659500,2016,9.466417,12.36672
250500,659500,2017,8.955874,9.122504
251500,659500,2012,9.558192,10.52148
251500,659500,2013,10.01752,10.00521
251500,659500,2014,9.412587,10.24044
251500,659500,2015,8.050291,9.087742
251500,659500,2016,8.820075,10.67269
251500,659500,2017,8.368635,7.679427
252500,659500,2012,10.14111,12.19208
252500,659500,2013,10.60862,11.74
252500,659500,2014,10.04371,12.08559
252500,659500,2015,8.650173,10.75029
252500,659500,2016,9.475466,12.54381
252500,659500,2017,8.94001,9.15408
253500,659500,2012,11.71702,16.44332
253500,659500,2013,12.32251,15.54321
253500,659500,2014,11.82205,16.50469
253500,659500,2015,10.31828,14.78484
253500,659500,2016,10.83653,16.76925
253500,659500,2017,10.36135,13.60595
254500,659500,2012,11.20681,15.59676
254500,659500,2013,11.84834,14.69491
254500,659500,2014,11.4459,14.55372
254500,659500,2015,9.969548,13.45727
254500,659500,2016,10.04708,15.22266
254500,659500,2017,9.314739,11.9674
255500,659500,2012,10.67053,14.88194
255500,659500,2013,11.20309,13.82006
255500,659500,2014,10.63619,13.6882
255500,659500,2015,9.410352,12.84285
255500,659500,2016,9.966892,14.58804
255500,659500,2017,9.326054,11.09792
256500,659500,2012,10.72696,16.04762
256500,659500,2013,11.12724,14.61504
256500,659500,2014,10.57547,14.63567
256500,659500,2015,9.494084,13.60677
256500,659500,2016,9.898708,15.3947
256500,659500,2017,9.284204,11.8721
257500,659500,2012,10.45611,15.39859
257500,659500,2013,10.99818,14.34258
257500,659500,2014,10.41908,14.18475
257500,659500,2015,9.318658,13.15253
257500,659500,2016,9.76792,14.94815
257500,659500,2017,9.173533,11.5089
258500,659500,2012,10.12918,12.76801
258500,659500,2013,10.61893,12.01419
258500,659500,2014,9.972883,11.8499
258500,659500,2015,8.754225,10.86138
258500,659500,2016,9.402829,12.49978
258500,659500,2017,8.935899,9.418493
259500,659500,2012,10.53526,14.13917
259500,659500,2013,11.01104,13.16393
259500,659500,2014,10.39466,13.03437
259500,659500,2015,9.175534,11.90014
259500,659500,2016,9.645925,13.55963
259500,659500,2017,9.164694,10.54815
260500,659500,2012,10.50775,13.1401
260500,659500,2013,11.04786,12.43831
260500,659500,2014,10.42949,12.33456
260500,659500,2015,9.252186,11.16514
260500,659500,2016,9.740309,12.9221
260500,659500,2017,9.319699,9.884032
261500,659500,2012,10.43993,12.70744
261500,659500,2013,10.95275,12.08241
261500,659500,2014,10.32603,11.8861
261500,659500,2015,9.180266,10.89302
261500,659500,2016,9.797703,12.50949
261500,659500,2017,9.343855,9.453144
262500,659500,2012,10.42429,13.04712
262500,659500,2013,10.96084,12.44745
262500,659500,2014,10.32213,12.20057
262500,659500,2015,9.154779,11.261
262500,659500,2016,9.835604,12.87052
262500,659500,2017,9.377887,9.761417
263500,659500,2012,10.75795,13.12316
263500,659500,2013,10.97587,12.54078
263500,659500,2014,10.30035,12.16689
263500,659500,2015,9.166028,11.33836
263500,659500,2016,9.853092,12.8237
263500,659500,2017,9.415335,9.773734
264500,659500,2012,10.19569,12.7874
264500,659500,2013,10.63988,12.02733
264500,659500,2014,9.980359,11.71507
264500,659500,2015,8.868463,10.93803
264500,659500,2016,9.64702,12.30404
264500,659500,2017,9.214546,9.335161
265500,659500,2012,10.23722,12.87054
265500,659500,2013,10.76585,12.10391
265500,659500,2014,10.25564,12.06551
265500,659500,2015,9.136671,11.33901
265500,659500,2016,9.68883,12.69562
265500,659500,2017,9.2953,9.62881
266500,659500,2012,10.60864,12.55127
266500,659500,2013,11.13391,11.88127
266500,659500,2014,10.58778,12.07122
266500,659500,2015,9.438771,11.19436
266500,659500,2016,10.13574,12.68053
266500,659500,2017,9.755168,9.463821
267500,659500,2012,9.983918,11.74804
267500,659500,2013,10.44746,10.90766
267500,659500,2014,9.901979,10.84457
267500,659500,2015,8.619872,9.940983
267500,659500,2016,9.365458,11.29072
267500,659500,2017,9.007138,8.295463
268500,659500,2012,10.63493,14.67036
268500,659500,2013,10.95103,13.37347
268500,659500,2014,10.40835,12.70867
268500,659500,2015,9.006412,11.49099
268500,659500,2016,9.608899,12.90964
268500,659500,2017,9.134582,9.336477
269500,659500,2012,12.35141,27.52951
269500,659500,2013,13.28753,25.05236
269500,659500,2014,11.99273,18.03351
269500,659500,2015,10.38658,16.78588
269500,659500,2016,10.26971,17.53636
269500,659500,2017,9.783914,13.65285
250500,658500,2012,9.768854,11.44919
250500,658500,2013,10.20706,10.63593
250500,658500,2014,9.666522,10.9711
250500,658500,2015,8.342553,9.862663
250500,658500,2016,9.15662,11.56576
250500,658500,2017,8.605597,8.43259
251500,658500,2012,9.715563,9.204771
251500,658500,2013,10.17117,8.820266
251500,658500,2014,9.403295,9.058641
251500,658500,2015,8.090085,8.014515
251500,658500,2016,8.972233,9.567627
251500,658500,2017,8.509646,6.635873
252500,658500,2012,9.540313,9.191229
252500,658500,2013,9.989315,8.943964
252500,658500,2014,9.369944,9.327174
252500,658500,2015,8.019506,8.1623
252500,658500,2016,8.898339,9.787962
252500,658500,2017,8.40371,6.489419
253500,658500,2012,10.66643,13.51804
253500,658500,2013,11.14647,12.79669
253500,658500,2014,10.59659,13.60732
253500,658500,2015,9.155302,12.20485
253500,658500,2016,9.87021,14.12822
253500,658500,2017,9.325148,10.82448
254500,658500,2012,10.50499,14.04681
254500,658500,2013,11.00548,12.84444
254500,658500,2014,10.19482,12.9157
254500,658500,2015,8.84547,12.08796
254500,658500,2016,9.456459,13.83444
254500,658500,2017,8.871523,10.46657
255500,658500,2012,10.50471,14.53552
255500,658500,2013,10.91447,13.36629
255500,658500,2014,10.31844,13.23418
255500,658500,2015,9.011905,12.44025
255500,658500,2016,9.630948,14.21243
255500,658500,2017,9.031366,10.75696
256500,658500,2012,10.67266,15.63476
256500,658500,2013,11.0355,14.20792
256500,658500,2014,10.48732,14.17733
256500,658500,2015,9.21507,13.25188
256500,658500,2016,9.850474,15.05631
256500,658500,2017,9.234853,11.64388
257500,658500,2012,10.16974,14.01063
257500,658500,2013,10.63831,12.89231
257500,658500,2014,10.04856,12.79871
257500,658500,2015,8.849759,11.8833
257500,658500,2016,9.565877,13.62517
257500,658500,2017,9.004931,10.44173
258500,658500,2012,9.854533,12.11549
258500,658500,2013,10.30508,11.03797
258500,658500,2014,9.632622,10.98609
258500,658500,2015,8.422413,10.08022
258500,658500,2016,9.164675,11.62435
258500,658500,2017,8.723849,8.742499
259500,658500,2012,10.04671,12.28808
259500,658500,2013,10.57376,11.54236
259500,658500,2014,9.923137,11.32827
259500,658500,2015,8.708524,10.46569
259500,658500,2016,9.422388,12.07951
259500,658500,2017,8.953148,9.115216
260500,658500,2012,10.14468,11.28087
260500,658500,2013,10.58516,10.70983
260500,658500,2014,9.929848,10.32872
260500,658500,2015,8.748653,9.636643
260500,658500,2016,9.447219,11.15559
260500,658500,2017,9.033708,8.223352
261500,658500,2012,9.814235,10.76081
261500,658500,2013,10.2798,10.16393
261500,658500,2014,9.625498,9.955094
261500,658500,2015,8.438148,9.218596
261500,658500,2016,9.215509,10.68232
261500,658500,2017,8.799046,7.805938
262500,658500,2012,10.0485,11.42464
262500,658500,2013,10.52294,10.75864
262500,658500,2014,9.888579,10.56515
262500,658500,2015,8.718291,9.904385
262500,658500,2016,9.496426,11.41634
262500,658500,2017,9.0142,8.259362
263500,658500,2012,10.545,12.92617
263500,658500,2013,10.9855,12.15856
263500,658500,2014,10.23696,11.80209
263500,658500,2015,9.003688,11.07397
263500,658500,2016,9.770024,12.54315
263500,658500,2017,9.303838,9.346189
264500,658500,2012,10.08321,11.94885
264500,658500,2013,10.42023,11.13618
264500,658500,2014,9.736113,10.96395
264500,658500,2015,8.545355,10.39761
264500,658500,2016,9.33059,11.72408
264500,658500,2017,8.885879,8.648063
265500,658500,2012,9.862299,11.27091
265500,658500,2013,10.24814,10.47229
265500,658500,2014,9.626014,10.33281
265500,658500,2015,8.444689,9.852545
265500,658500,2016,9.203585,11.14608
265500,658500,2017,8.787692,8.125651
266500,658500,2012,9.870994,11.0007
266500,658500,2013,10.25773,10.22977
266500,658500,2014,9.643021,10.1316
266500,658500,2015,8.419236,9.498053
266500,658500,2016,9.204742,10.77894
266500,658500,2017,8.818115,7.906618
267500,658500,2012,10.28135,11.79913
267500,658500,2013,10.61151,10.88344
267500,658500,2014,10.0171,11.29104
267500,658500,2015,8.71618,10.29726
267500,658500,2016,9.477467,11.9762
267500,658500,2017,9.104242,8.37032
268500,658500,2012,10.93332,14.76161
268500,658500,2013,11.34039,13.77611
268500,658500,2014,10.76964,13.37644
268500,658500,2015,9.420199,12.14573
268500,658500,2016,10.18149,13.66857
268500,658500,2017,9.660171,10.24499
269500,658500,2012,10.84124,15.3382
269500,658500,2013,11.39177,14.16356
269500,658500,2014,10.79194,13.52022
269500,658500,2015,9.406573,12.22704
269500,658500,2016,10.02207,13.68076
269500,658500,2017,9.557807,10.22394
250500,657500,2012,9.089073,8.169375
250500,657500,2013,9.515096,7.865881
250500,657500,2014,8.928817,8.11052
250500,657500,2015,7.618698,7.325227
250500,657500,2016,8.506499,8.792213
250500,657500,2017,8.00668,5.647829
251500,657500,2012,9.229444,8.450892
251500,657500,2013,9.64892,8.101563
251500,657500,2014,9.049285,8.428783
251500,657500,2015,7.730154,7.524925
251500,657500,2016,8.609078,9.026225
251500,657500,2017,8.123135,5.808198
252500,657500,2012,10.02914,11.39017
252500,657500,2013,10.47723,10.75278
252500,657500,2014,9.948888,11.59942
252500,657500,2015,8.564775,10.43351
252500,657500,2016,9.311287,12.22387
252500,657500,2017,8.796238,8.780067
253500,657500,2012,9.970045,12.16664
253500,657500,2013,10.44822,11.484
253500,657500,2014,9.903233,12.01072
253500,657500,2015,8.632296,11.0807
253500,657500,2016,9.295891,12.86545
253500,657500,2017,8.766608,9.584418
254500,657500,2012,9.747202,10.68064
254500,657500,2013,10.14805,10.1556
254500,657500,2014,9.568597,10.26896
254500,657500,2015,8.345326,9.595534
254500,657500,2016,9.036647,11.21104
254500,657500,2017,8.529738,7.955517
255500,657500,2012,9.935107,12.62734
255500,657500,2013,10.39112,11.76596
255500,657500,2014,9.843832,11.97996
255500,657500,2015,8.538673,10.97038
255500,657500,2016,9.254155,12.67859
255500,657500,2017,8.707735,9.246128
256500,657500,2012,10.19708,13.53569
256500,657500,2013,10.66663,12.48269
256500,657500,2014,10.11765,12.58094
256500,657500,2015,8.895604,11.57945
256500,657500,2016,9.64526,13.35435
256500,657500,2017,9.055055,10.08274
257500,657500,2012,10.38562,14.3374
257500,657500,2013,10.79594,13.0599
257500,657500,2014,10.21642,13.04329
257500,657500,2015,9.090057,12.33862
257500,657500,2016,9.751447,14.07665
257500,657500,2017,9.189539,11.04309
258500,657500,2012,9.532121,10.6314
258500,657500,2013,9.935532,9.845394
258500,657500,2014,9.277151,9.734041
258500,657500,2015,8.09033,9.062603
258500,657500,2016,8.919009,10.52361
258500,657500,2017,8.505342,7.901714
259500,657500,2012,9.932675,11.51328
259500,657500,2013,10.3926,10.58797
259500,657500,2014,9.668299,10.58638
259500,657500,2015,8.392336,9.661476
259500,657500,2016,9.200481,11.20185
259500,657500,2017,8.769696,8.437447
260500,657500,2012,9.805766,10.51869
260500,657500,2013,10.2382,9.757128
260500,657500,2014,9.596313,9.659649
260500,657500,2015,8.362644,8.912916
260500,657500,2016,9.164887,10.35492
260500,657500,2017,8.784752,7.654135
261500,657500,2012,9.683271,10.35713
261500,657500,2013,10.06424,9.633621
261500,657500,2014,9.435902,9.522607
261500,657500,2015,8.237538,8.93542
261500,657500,2016,9.036928,10.3422
261500,657500,2017,8.61973,7.368009
262500,657500,2012,9.762616,10.54514
262500,657500,2013,10.09801,9.80485
262500,657500,2014,9.486694,9.666533
262500,657500,2015,8.263609,9.350633
262500,657500,2016,9.065916,10.6537
262500,657500,2017,8.666758,7.441294
263500,657500,2012,10.43754,12.536
263500,657500,2013,10.71282,11.74642
263500,657500,2014,9.989313,11.64611
263500,657500,2015,8.310015,11.12206
263500,657500,2016,10.00348,12.26412
263500,657500,2017,9.32757,9.326531
264500,657500,2012,10.34332,12.53359
264500,657500,2013,10.63701,11.49051
264500,657500,2014,9.969875,11.50623
264500,657500,2015,8.712456,10.93233
264500,657500,2016,9.426066,12.22866
264500,657500,2017,9.019875,9.233948
265500,657500,2012,10.07949,11.55431
265500,657500,2013,10.43415,10.57334
265500,657500,2014,9.842017,10.59016
265500,657500,2015,8.631632,10.22377
265500,657500,2016,9.341967,11.3967
265500,657500,2017,8.944415,8.535288
266500,657500,2012,10.04165,10.91113
266500,657500,2013,10.40941,10.09821
266500,657500,2014,9.830799,10.16135
266500,657500,2015,8.57122,9.568211
266500,657500,2016,9.33436,10.75634
266500,657500,2017,8.974643,8.085561
267500,657500,2012,10.12352,11.5247
267500,657500,2013,10.52537,10.66782
267500,657500,2014,9.975481,10.73463
267500,657500,2015,8.61589,9.810881
267500,657500,2016,9.384456,11.11878
267500,657500,2017,9.028101,8.491263
268500,657500,2012,11.09665,14.91081
268500,657500,2013,11.59666,13.6721
268500,657500,2014,11.13959,13.804
268500,657500,2015,9.742701,12.62575
268500,657500,2016,10.47414,14.09675
268500,657500,2017,9.957892,10.97197
269500,657500,2012,12.50133,19.43419
269500,657500,2013,13.12612,17.72706
269500,657500,2014,12.80918,18.46909
269500,657500,2015,10.83356,15.84966
269500,657500,2016,11.20154,17.41961
269500,657500,2017,10.76446,14.34251
250500,656500,2012,8.95526,7.231915
250500,656500,2013,9.33711,6.978684
250500,656500,2014,8.765803,7.313342
250500,656500,2015,7.444859,6.496264
250500,656500,2016,8.344229,7.833628
250500,656500,2017,7.895203,4.88484
251500,656500,2012,9.348932,8.141503
251500,656500,2013,9.757092,7.8385
251500,656500,2014,9.203918,8.267691
251500,656500,2015,7.853048,7.251705
251500,656500,2016,8.727715,8.709394
251500,656500,2017,8.263236,5.519035
252500,656500,2012,10.51173,13.1174
252500,656500,2013,10.99217,12.24843
252500,656500,2014,10.50325,13.09164
252500,656500,2015,9.063712,11.60988
252500,656500,2016,9.77397,13.46959
252500,656500,2017,9.283855,10.00535
253500,656500,2012,9.791335,11.52034
253500,656500,2013,10.24897,10.88123
253500,656500,2014,9.708479,11.10359
253500,656500,2015,8.513964,10.16895
253500,656500,2016,9.239135,11.80102
253500,656500,2017,8.710896,8.679852
254500,656500,2012,9.931045,12.34689
254500,656500,2013,10.42277,11.72765
254500,656500,2014,9.911044,12.0432
254500,656500,2015,8.659307,10.9694
254500,656500,2016,9.336518,12.66435
254500,656500,2017,8.819495,9.470696
255500,656500,2012,9.668331,11.60848
255500,656500,2013,10.13875,10.86946
255500,656500,2014,9.627501,11.08686
255500,656500,2015,8.395825,10.18892
255500,656500,2016,9.178701,11.85065
255500,656500,2017,8.648051,8.681175
256500,656500,2012,9.624459,10.92264
256500,656500,2013,10.07117,10.24733
256500,656500,2014,9.509312,10.32127
256500,656500,2015,8.312014,9.482235
256500,656500,2016,9.139132,11.11031
256500,656500,2017,8.603938,7.918014
257500,656500,2012,9.96722,12.69023
257500,656500,2013,10.37601,11.80991
257500,656500,2014,9.795123,11.62315
257500,656500,2015,8.586281,10.84574
257500,656500,2016,9.276462,12.5363
257500,656500,2017,8.746424,9.388402
258500,656500,2012,10.04619,12.31585
258500,656500,2013,10.3677,11.08585
258500,656500,2014,9.75872,11.0969
258500,656500,2015,8.53079,10.55033
258500,656500,2016,9.298959,12.15416
258500,656500,2017,8.832501,9.207128
259500,656500,2012,9.637074,10.75497
259500,656500,2013,9.978015,9.766463
259500,656500,2014,9.346393,9.7429
259500,656500,2015,8.112693,9.16491
259500,656500,2016,8.927973,10.65182
259500,656500,2017,8.495476,7.789557
260500,656500,2012,9.976111,10.34862
260500,656500,2013,10.31865,9.483094
260500,656500,2014,9.709754,9.387413
260500,656500,2015,8.461402,8.875945
260500,656500,2016,9.247822,10.26054
260500,656500,2017,8.875185,7.410721
261500,656500,2012,9.850051,10.71348
261500,656500,2013,10.20045,9.776691
261500,656500,2014,9.595075,9.638453
261500,656500,2015,8.354855,9.165264
261500,656500,2016,9.114456,10.45726
261500,656500,2017,8.757627,7.656337
262500,656500,2012,10.01157,11.0492
262500,656500,2013,10.30226,10.03258
262500,656500,2014,9.685967,9.957706
262500,656500,2015,8.436826,9.42125
262500,656500,2016,9.19709,10.68759
262500,656500,2017,8.826209,7.821551
263500,656500,2012,10.27391,12.1498
263500,656500,2013,10.42297,10.72268
263500,656500,2014,9.877509,10.70203
263500,656500,2015,8.58029,9.987631
263500,656500,2016,9.23084,11.21013
263500,656500,2017,8.85875,8.229712
264500,656500,2012,11.13508,14.87875
264500,656500,2013,11.59714,13.73712
264500,656500,2014,10.93778,13.74944
264500,656500,2015,9.563385,13.04912
264500,656500,2016,10.02803,14.37459
264500,656500,2017,9.650598,11.29398
265500,656500,2012,10.9192,13.93586
265500,656500,2013,11.36586,12.76939
265500,656500,2014,10.80177,13.90158
265500,656500,2015,9.775576,13.80989
265500,656500,2016,10.28762,15.02928
265500,656500,2017,9.765863,11.09827
266500,656500,2012,10.89178,13.74207
266500,656500,2013,11.29487,12.60215
266500,656500,2014,10.79149,13.07788
266500,656500,2015,9.319715,12.19422
266500,656500,2016,9.919405,13.67991
266500,656500,2017,9.551171,10.78967
267500,656500,2012,11.41473,15.22007
267500,656500,2013,11.66399,13.88337
267500,656500,2014,11.26038,14.48326
267500,656500,2015,9.384518,12.96668
267500,656500,2016,9.967387,14.61682
267500,656500,2017,9.533326,12.42249
268500,656500,2012,12.20123,17.14639
268500,656500,2013,12.58138,15.37735
268500,656500,2014,12.29362,16.94901
268500,656500,2015,10.31308,15.63377
268500,656500,2016,10.86104,17.09299
268500,656500,2017,10.40123,14.06782
269500,656500,2012,13.69633,19.29679
269500,656500,2013,14.19356,17.3184
269500,656500,2014,14.09946,17.79361
269500,656500,2015,12.21175,15.50956
269500,656500,2016,12.74214,17.18325
269500,656500,2017,12.23435,14.02572
